ID	Type	Types	English	Korean	FrenchReference	FrenchVariants	Occurrences	ResourceCount	ExampleResourcePath	ExampleLine	ExampleContext	SourceTanks	Note	Batch
667c95d7c633	String	String	...spie-ing	...염탐 같은　			1	1	world/global/lorebooks/lore_laz-wrong-prison-journal3.skrit	179	stringTool.Append(varContent$, "...spie-ing");	lazarus_logic.dsres	추출 QA 보강: LOREBOOK_ENGLISH_RESIDUAL	B096
960627a635ba	String	String	lom	　			1	1	world/global/lorebooks/lore_laz-sword-keg.skrit	185	stringTool.Append(varContent$, "lom");	lazarus_logic.dsres	추출 QA 보강: LOREBOOK_ENGLISH_RESIDUAL; 앞선 한국어 조각에 의미가 이미 포함되어 있어 영문 잔존 삭제용 공백 1칸	B096
82358b9820d2	String	String	t.	　			1	1	world/global/lorebooks/lore_laz-blackthorn-valour.skrit	208	stringTool.Append(varContent$, "t.");	lazarus_logic.dsres	추출 QA 보강: LOREBOOK_ENGLISH_RESIDUAL; 앞선 한국어 조각에 의미가 이미 포함되어 있어 영문 잔존 삭제용 공백 1칸	B096
f28246554390	String	String	Palace of Lord Blackthorn\n\nPrisoner Record\n\n\n\nBeing a list of current an	블랙쏜 경의 궁전\n\n수감자 기록\n\n\n\n현재 및 최근			1	1	world/global/lorebooks/lore_laz-blackthorn-palace-log.skrit	15	stringTool.Append(varContent$, "Palace of Lord Blackthorn\n\nPrisoner Record\n\n\n\nBeing a list of current an");	lazarus_logic.dsres	추출 QA 보강: LOREBOOK_BODY_NOT_EXTRACTED	B096
3d2dc0ae2909	String	String	d recent prisoners, detailing their particulars, crimes and sentences.\n\nAdhe	수감자들의 신상, 범죄 및 형벌을 기록한 목록.\n\n모든 일에서			1	1	world/global/lorebooks/lore_laz-blackthorn-palace-log.skrit	16	stringTool.Append(varContent$, "d recent prisoners, detailing their particulars, crimes and sentences.\n\nAdhe");	lazarus_logic.dsres	추출 QA 보강: LOREBOOK_BODY_NOT_EXTRACTED	B096
61b1c9aa3e75	String	String	re to the Eight Laws of the Code of Virtue in all things.\n\n\nCode of Virtue	미덕의 규율에 따른 여덟 법을 준수할 것.\n\n\n미덕의 규율			1	1	world/global/lorebooks/lore_laz-blackthorn-palace-log.skrit	17	stringTool.Append(varContent$, "re to the Eight Laws of the Code of Virtue in all things.\n\n\nCode of Virtue");	lazarus_logic.dsres	추출 QA 보강: LOREBOOK_BODY_NOT_EXTRACTED	B096
2eca266ad46f	String	String	\n\n1. Thou shalt not lie, or thou shalt lose thy tongue.\n\n2. Thou shalt hel	\n\n1. 거짓말하지 말라. 그렇지 않으면 혀를 잃으리라.\n\n2. 도움이			1	1	world/global/lorebooks/lore_laz-blackthorn-palace-log.skrit	18	stringTool.Append(varContent$, "\n\n1. Thou shalt not lie, or thou shalt lose thy tongue.\n\n2. Thou shalt hel");	lazarus_logic.dsres	추출 QA 보강: LOREBOOK_BODY_NOT_EXTRACTED	B096
e679b397f14a	String	String	p those in need, or thou shalt suffer the same need.\n\n3. Thou shalt fight to	필요한 자를 도우라. 그렇지 않으면 그와 같은 궁핍을 겪으리라.\n\n3. 도전을 받으면			1	1	world/global/lorebooks/lore_laz-blackthorn-palace-log.skrit	19	stringTool.Append(varContent$, "p those in need, or thou shalt suffer the same need.\n\n3. Thou shalt fight to");	lazarus_logic.dsres	추출 QA 보강: LOREBOOK_BODY_NOT_EXTRACTED	B096
2261798a7ea9	String	String	the death if challenged, or thou shalt be banished as a coward.\n\n4. Thou sh	죽을 때까지 싸우라. 그렇지 않으면 겁쟁이로 추방되리라.\n\n4. 자신의			1	1	world/global/lorebooks/lore_laz-blackthorn-palace-log.skrit	20	stringTool.Append(varContent$, " the death if challenged, or thou shalt be banished as a coward.\n\n4. Thou sh");	lazarus_logic.dsres	추출 QA 보강: LOREBOOK_BODY_NOT_EXTRACTED	B096
f719cef6f6a5	String	String	alt confess to thy crime and suffer its just punishment, or thou shalt be put	죄를 고백하고 정당한 형벌을 받으라. 그렇지 않으면			1	1	world/global/lorebooks/lore_laz-blackthorn-palace-log.skrit	21	stringTool.Append(varContent$, "alt confess to thy crime and suffer its just punishment, or thou shalt be put ");	lazarus_logic.dsres	추출 QA 보강: LOREBOOK_BODY_NOT_EXTRACTED	B096
b2aa4ea07685	String	String	to death.\n\n5. Thou shalt donate half of thy income to charity, or thou shalt	사형에 처해지리라.\n\n5. 수입의 절반을 자선에 기부하라. 그렇지 않으면			1	1	world/global/lorebooks/lore_laz-blackthorn-palace-log.skrit	22	stringTool.Append(varContent$, "to death.\n\n5. Thou shalt donate half of thy income to charity, or thou shalt");	lazarus_logic.dsres	추출 QA 보강: LOREBOOK_BODY_NOT_EXTRACTED	B096
1b4b0ef386ce	String	String	have no income.\n\n6. If thou dost lose thine own honor, thou shalt take thin	수입을 모두 잃으리라.\n\n6. 자신의 명예를 잃었다면 스스로			1	1	world/global/lorebooks/lore_laz-blackthorn-palace-log.skrit	23	stringTool.Append(varContent$, " have no income.\n\n6. If thou dost lose thine own honor, thou shalt take thin");	lazarus_logic.dsres	추출 QA 보강: LOREBOOK_BODY_NOT_EXTRACTED	B096
f30f89845439	String	String	e own life.\n\n7. Thou shalt enforce the laws of virtue, or thou shalt die as	목숨을 끊으라.\n\n7. 미덕의 법을 집행하라. 그렇지 않으면			1	1	world/global/lorebooks/lore_laz-blackthorn-palace-log.skrit	24	stringTool.Append(varContent$, "e own life.\n\n7. Thou shalt enforce the laws of virtue, or thou shalt die as ");	lazarus_logic.dsres	추출 QA 보강: LOREBOOK_BODY_NOT_EXTRACTED	B096
70aad1b75e6b	String	String	a heretic.\n\n8. Thou shalt humble thyself to thy superiors, or thou shalt suf	이단자로 죽으리라.\n\n8. 상관 앞에서 겸손하라. 그렇지 않으면			1	1	world/global/lorebooks/lore_laz-blackthorn-palace-log.skrit	25	stringTool.Append(varContent$, "a heretic.\n\n8. Thou shalt humble thyself to thy superiors, or thou shalt suf");	lazarus_logic.dsres	추출 QA 보강: LOREBOOK_BODY_NOT_EXTRACTED	B096
64ee785052fa	String	String	fer their wrath.\n\n\n\nThe Inquisition requires that information is to be ent	그들의 분노를 겪으리라.\n\n\n\n종교재판소는 정보를 반드시 다음 순서로만			1	1	world/global/lorebooks/lore_laz-blackthorn-palace-log.skrit	26	stringTool.Append(varContent$, "fer their wrath.\n\n\n\nThe Inquisition requires that information is to be ent");	lazarus_logic.dsres	추출 QA 보강: LOREBOOK_BODY_NOT_EXTRACTED	B096
4c49a42e049a	String	String	ered in this order only:\n\nDate of Imprisonment\nName and Towne,\nOccupation,	기록하도록 요구한다:\n\n수감일\n이름과 출신 도시,\n직업,			1	1	world/global/lorebooks/lore_laz-blackthorn-palace-log.skrit	27	stringTool.Append(varContent$, "ered in this order only:\n\nDate of Imprisonment\nName and Towne,\nOccupation,");	lazarus_logic.dsres	추출 QA 보강: LOREBOOK_BODY_NOT_EXTRACTED	B096
90ef1887e2dd	String	String	\nCrime(s),\nSentence,\nNotes.\n\n\n \nThe Inquisition sees all. Stay vigilant	\n범죄,\n형벌,\n비고.\n\n\n \n종교재판소는 모든 것을 보고 있다. 경계를 늦추지 말고			1	1	world/global/lorebooks/lore_laz-blackthorn-palace-log.skrit	28	stringTool.Append(varContent$, "\nCrime(s),\nSentence,\nNotes.\n\n\n \nThe Inquisition sees all. Stay vigilant");	lazarus_logic.dsres	추출 QA 보강: LOREBOOK_BODY_NOT_EXTRACTED	B096
5737f6c6b423	String	String	, and remember the fourth Code of Virtue: Thou shalt confess to thy crime and	미덕의 규율 제4조를 기억하라: 자신의 죄를 고백하고			1	1	world/global/lorebooks/lore_laz-blackthorn-palace-log.skrit	29	stringTool.Append(varContent$, ", and remember the fourth Code of Virtue: Thou shalt confess to thy crime and ");	lazarus_logic.dsres	추출 QA 보강: LOREBOOK_BODY_NOT_EXTRACTED	B096
d49856af51fe	String	String	suffer its just punishment, or thou shalt be put to death. Remember, thou art	정당한 형벌을 받으라. 그렇지 않으면 사형에 처해지리라. 명심하라,			1	1	world/global/lorebooks/lore_laz-blackthorn-palace-log.skrit	30	stringTool.Append(varContent$, "suffer its just punishment, or thou shalt be put to death. Remember, thou art ");	lazarus_logic.dsres	추출 QA 보강: LOREBOOK_BODY_NOT_EXTRACTED	B096
47973474c93a	String	String	serving Britannia, loyal guard.\n\n\nLong live Lord Blackthorn!\n\nGraesh, Cap	충성스러운 경비병이여. 그대는 브리타니아를 위해 봉사하고 있다.\n\n\n블랙쏜 경 만세!\n\n그래시, 경비			1	1	world/global/lorebooks/lore_laz-blackthorn-palace-log.skrit	31	stringTool.Append(varContent$, "serving Britannia, loyal guard.\n\n\nLong live Lord Blackthorn!\n\nGraesh, Cap");	lazarus_logic.dsres	추출 QA 보강: LOREBOOK_BODY_NOT_EXTRACTED	B096
44ee05b946d1	String	String	tain of the Guard.\n\n\n\nBegin Prison Log.\n\n\n\nSudi of Minoc\nTailor\nEigh	대장.\n\n\n\n수감 기록 시작.\n\n\n\n미녹의 수디\n재단사\n제8			1	1	world/global/lorebooks/lore_laz-blackthorn-palace-log.skrit	32	stringTool.Append(varContent$, "tain of the Guard.\n\n\n\nBegin Prison Log.\n\n\n\nSudi of Minoc\nTailor\nEigh");	lazarus_logic.dsres	추출 QA 보강: LOREBOOK_BODY_NOT_EXTRACTED	B096
8f6e32893ca2	String	String	th Law violation\nHumbling by Incarceration\nExpired.\n\n\nUnknown \nSpy\nUnkn	법 위반\n투옥을 통한 겸손의 형벌\n사망.\n\n\n신원 불명\n첩자\n출신			1	1	world/global/lorebooks/lore_laz-blackthorn-palace-log.skrit	33	stringTool.Append(varContent$, "th Law violation\nHumbling by Incarceration\nExpired.\n\n\nUnknown \nSpy\nUnkn");	lazarus_logic.dsres	추출 QA 보강: LOREBOOK_BODY_NOT_EXTRACTED	B096
6363c606d1c7	String	String	own\nTreason\nInterrogation, Stocks\nPrisoner refuses to divulge name - \nconf	불명\n반역\n심문, 형틀\n수감자가 이름 밝히기를 거부함 - \n처형			1	1	world/global/lorebooks/lore_laz-blackthorn-palace-log.skrit	34	stringTool.Append(varContent$, "own\nTreason\nInterrogation, Stocks\nPrisoner refuses to divulge name - \nconf");	lazarus_logic.dsres	추출 QA 보강: LOREBOOK_BODY_NOT_EXTRACTED	B096
a3c223c0dc21	String	String	essed to Treason before execution.\n\n\nLietta of Britain\nBaker\nFirst & Seve	전에 반역죄를 자백함.\n\n\n브리튼의 리에타\n제빵사\n제1법 및 제7			1	1	world/global/lorebooks/lore_laz-blackthorn-palace-log.skrit	35	stringTool.Append(varContent$, "essed to Treason before execution.\n\n\nLietta of Britain\nBaker\nFirst & Seve");	lazarus_logic.dsres	추출 QA 보강: LOREBOOK_BODY_NOT_EXTRACTED	B096
0ae63b232e06	String	String	nth violations\nPunishment One, Life Imprisonment\nExpired.\n\n\nCompton of Jh	법 위반\n제1형벌, 종신형\n사망.\n\n\n젤롬의 콤프턴			1	1	world/global/lorebooks/lore_laz-blackthorn-palace-log.skrit	36	stringTool.Append(varContent$, "nth violations\nPunishment One, Life Imprisonment\nExpired.\n\n\nCompton of Jh");	lazarus_logic.dsres	추출 QA 보강: LOREBOOK_BODY_NOT_EXTRACTED	B096
9afbca58e303	String	String	elom\nSailor (First Mate)\nTrespass\nInterrogation, Execution\nExpired.\n\n\nW	\n선원(일등항해사)\n무단침입\n심문, 처형\n사망.\n\n\n포			1	1	world/global/lorebooks/lore_laz-blackthorn-palace-log.skrit	37	stringTool.Append(varContent$, "elom\nSailor (First Mate)\nTrespass\nInterrogation, Execution\nExpired.\n\n\nW");	lazarus_logic.dsres	추출 QA 보강: LOREBOOK_BODY_NOT_EXTRACTED	B096
d86c810cb969	String	String	elter of Paws\nSailor (Cabin Boy)\nTrespass\nInterrogation, Recruitment\nRecru	즈의 웰터\n선원(캐빈보이)\n무단침입\n심문, 포섭\n포섭			1	1	world/global/lorebooks/lore_laz-blackthorn-palace-log.skrit	38	stringTool.Append(varContent$, "elter of Paws\nSailor (Cabin Boy)\nTrespass\nInterrogation, Recruitment\nRecru");	lazarus_logic.dsres	추출 QA 보강: LOREBOOK_BODY_NOT_EXTRACTED	B096
84c0da69fbd3	String	String	ited.\n\n\nCrabble (Itinerant)\nTinker\nFifth Law Violations (Several)\nTen ye	됨.\n\n\n크래블(방랑)\n땜장이\n제5법 위반(수차례)\n배급을			1	1	world/global/lorebooks/lore_laz-blackthorn-palace-log.skrit	39	stringTool.Append(varContent$, "ited.\n\n\nCrabble (Itinerant)\nTinker\nFifth Law Violations (Several)\nTen ye");	lazarus_logic.dsres	추출 QA 보강: LOREBOOK_BODY_NOT_EXTRACTED	B096
e00311026fb7	String	String	ars imprisonment on half rations, \nreview in five years.\nExpired. (Old Age)	절반으로 줄여 10년형, \n5년 후 재심.\n사망. (노환)			1	1	world/global/lorebooks/lore_laz-blackthorn-palace-log.skrit	40	stringTool.Append(varContent$, "ars imprisonment on half rations, \nreview in five years.\nExpired. (Old Age)");	lazarus_logic.dsres	추출 QA 보강: LOREBOOK_BODY_NOT_EXTRACTED	B096
d48ff3990d0f	String	String	\n\n\nEdward of Buccaneer's Den\nShip's Captain\nTreason\nPunishment Eight\nUn	\n\n\n버커니어스 덴의 에드워드\n선장\n반역\n제8형벌\n회개하지			1	1	world/global/lorebooks/lore_laz-blackthorn-palace-log.skrit	41	stringTool.Append(varContent$, "\n\n\nEdward of Buccaneer's Den\nShip's Captain\nTreason\nPunishment Eight\nUn");	lazarus_logic.dsres	추출 QA 보강: LOREBOOK_BODY_NOT_EXTRACTED	B096
df384601218a	String	String	repentant. \nExecuted.\n\n\nHassad of Skara Brae\nFormer Councilor\nTreason\nL	않음. \n처형됨.\n\n\n스카라 브레의 하사드\n전 평의원\n반역\n독방			1	1	world/global/lorebooks/lore_laz-blackthorn-palace-log.skrit	42	stringTool.Append(varContent$, "repentant. \nExecuted.\n\n\nHassad of Skara Brae\nFormer Councilor\nTreason\nL");	lazarus_logic.dsres	추출 QA 보강: LOREBOOK_BODY_NOT_EXTRACTED	B096
ebfdf457e271	String	String	ife imprisonment, solitary.\nNote: the Inquisition requests that\nHassad be ke	종신형.\n비고: 종교재판소는 하사드를\n엄중히			1	1	world/global/lorebooks/lore_laz-blackthorn-palace-log.skrit	43	stringTool.Append(varContent$, "ife imprisonment, solitary.\nNote: the Inquisition requests that\nHassad be ke");	lazarus_logic.dsres	추출 QA 보강: LOREBOOK_BODY_NOT_EXTRACTED	B096
07bdb4bc3245	String	String	pt under strict watch.\n\n\nTelrick of Yew\nTorturer, 2nd Class.\nSedition\nIn	감시할 것을 요청함.\n\n\n유의 텔릭\n고문관, 2급\n선동\n심			1	1	world/global/lorebooks/lore_laz-blackthorn-palace-log.skrit	44	stringTool.Append(varContent$, "pt under strict watch.\n\n\nTelrick of Yew\nTorturer, 2nd Class.\nSedition\nIn");	lazarus_logic.dsres	추출 QA 보강: LOREBOOK_BODY_NOT_EXTRACTED	B096
ed48519cf9d8	String	String	terrogation\nExpired during interrogation.\nNote: recruit new Torturer.\n\n\nG	문\n심문 중 사망.\n비고: 새 고문관을 모집할 것.\n\n\n크리키			1	1	world/global/lorebooks/lore_laz-blackthorn-palace-log.skrit	45	stringTool.Append(varContent$, "terrogation\nExpired during interrogation.\nNote: recruit new Torturer.\n\n\nG");	lazarus_logic.dsres	추출 QA 보강: LOREBOOK_BODY_NOT_EXTRACTED	B096
2cca704a5d85	String	String	orn of the Creaky Steppes\nBarbarian\nTrespass, Treason\nInterrogation\nNote:	스텝스의 고른\n야만인\n무단침입, 반역\n심문\n비고:			1	1	world/global/lorebooks/lore_laz-blackthorn-palace-log.skrit	46	stringTool.Append(varContent$, "orn of the Creaky Steppes\nBarbarian\nTrespass, Treason\nInterrogation\nNote: ");	lazarus_logic.dsres	추출 QA 보강: LOREBOOK_BODY_NOT_EXTRACTED	B096
b2f1a774243a	String	String	Compulsive Liar. Has escaped \nseveral times. Unsure of his\norigins. Interrog	상습적 거짓말쟁이. 여러 차례\n탈출함. 출신 불명.\n심문			1	1	world/global/lorebooks/lore_laz-blackthorn-palace-log.skrit	47	stringTool.Append(varContent$, "Compulsive Liar. Has escaped \nseveral times. Unsure of his\norigins. Interrog");	lazarus_logic.dsres	추출 QA 보강: LOREBOOK_BODY_NOT_EXTRACTED	B096
3cee0658c85b	String	String	ation continues.\n\n\nUnknown (Speech incomprehensible)\nMadman\nFirst, Third,	계속.\n\n\n신원 불명(말을 알아들을 수 없음)\n광인\n제1법, 제3법			1	1	world/global/lorebooks/lore_laz-blackthorn-palace-log.skrit	48	stringTool.Append(varContent$, "ation continues.\n\n\nUnknown (Speech incomprehensible)\nMadman\nFirst, Third,");	lazarus_logic.dsres	추출 QA 보강: LOREBOOK_BODY_NOT_EXTRACTED	B096
7eedce7aaf3a	String	String	and Eighth violations\nInterrogation, Recuitment\nRecruited \nAddendum: Expir	및 제8법 위반\n심문, 포섭\n포섭됨 \n추기: 사망			1	1	world/global/lorebooks/lore_laz-blackthorn-palace-log.skrit	49	stringTool.Append(varContent$, " and Eighth violations\nInterrogation, Recuitment\nRecruited \nAddendum: Expir");	lazarus_logic.dsres	추출 QA 보강: LOREBOOK_BODY_NOT_EXTRACTED	B096
1258f251dfda	String	String	ed.	.			1	1	world/global/lorebooks/lore_laz-blackthorn-palace-log.skrit	50	stringTool.Append(varContent$, "ed.");	lazarus_logic.dsres	추출 QA 보강: LOREBOOK_BODY_NOT_EXTRACTED	B096
4fd94bf46ca1	String	String	more...	　			1	1	world/global/lorebooks/lore_laz-theories-structure-magic.skrit	228	stringTool.Append(varContent$, "more...");	lazarus_logic.dsres	추출 QA 보강: LOREBOOK_ENGLISH_RESIDUAL; 앞선 한국어 조각에 의미가 이미 포함되어 있어 영문 잔존 삭제용 공백 1칸	B096
ad21953eb165	String	String	te...	　			1	1	world/global/lorebooks/lore_laz-chess-beginner.skrit	228	stringTool.Append(varContent$, "te...");	lazarus_logic.dsres	추출 QA 보강: LOREBOOK_ENGLISH_RESIDUAL; 앞선 한국어 조각에 의미가 이미 포함되어 있어 영문 잔존 삭제용 공백 1칸	B096
eac1e637043f	String	String	The Scepter! It's gone!	홀이! 사라졌다!			1	1	world/global/skrits/k_inc_shadowlords.skrit	334	report.screen("The Scepter! It's gone!");	lazarus_logic.dsres	추출 QA 보강: RUNTIME_SCREEN_TEXT	B096
725a5d405bf0	String	String	As you play 'Stones' on the King's harpsichord, a secret door opens nearby!	왕의 하프시코드로 '스톤즈'를 연주하자, 근처의 비밀문이 열린다!			1	1	world/contentdb/components/lazarus/interactivity/harpsichord_music.skrit	104	report.screen("As you play 'Stones' on the King's harpsichord, a secret door opens nearby!");	lazarus_logic.dsres	추출 QA 보강: RUNTIME_SCREEN_TEXT	B096
dddee128adb4	String	String	%s is carrying too much weight to move.	%s: 너무 많은 무게를 짊어져 움직일 수 없습니다.			1	1	world/ai/jobs/common/job_player_move.skrit	63	report.screenf ( "%s is carrying too much weight to move.", name$ );	britannia_logic.dsres	추출 QA 보강: RUNTIME_SCREEN_TEXT	B096
f1ba42cd81d6	String	String	%s requires %d to %s	%s: %d 필요 (%s)			1	1	world/ai/jobs/common/job_player_equip.skrit	158	report.screenf ( "%s requires %d to %s", requirements$, level$, statistic$ );	britannia_logic.dsres	추출 QA 보강: RUNTIME_SCREEN_TEXT	B096
79e2b6837677	String	String	%s's weapon has been corroded	%s의 무기가 부식되었습니다.			1	1	world/contentdb/components/britannia/combat/corrosion_attack.skrit	77	report.screenf("%s's weapon has been corroded", name$);	britannia_logic.dsres	추출 QA 보강: RUNTIME_SCREEN_TEXT	B096
3b3e8a2ecdd8	String	String	%s's armor has been corroded	%s의 방어구가 부식되었습니다.			1	1	world/contentdb/components/britannia/combat/corrosion_attack.skrit	115	report.screenf("%s's armor has been corroded", name$);	britannia_logic.dsres	추출 QA 보강: RUNTIME_SCREEN_TEXT	B096
287f4c048454	String	String	You do not have any lockpicks	자물쇠따개가 없습니다.			1	1	world/contentdb/components/britannia/interactivity/openable.skrit	309	report.screen("You do not have any lockpicks");	britannia_logic.dsres	추출 QA 보강: RUNTIME_SCREEN_TEXT	B096
9eeab3b43e9c	String	String	There is something in the way.	앞을 가로막는 것이 있습니다.			1	1	world/contentdb/components/britannia/boats/water_nav_point.skrit	162	report.screen("There is something in the way.");	britannia_logic.dsres	추출 QA 보강: RUNTIME_SCREEN_TEXT	B096
e44ad6be52ab	String	String	Failure. All party members need to be nearby.	실패. 모든 파티원이 가까이 있어야 합니다.			1	1	world/contentdb/components/britannia/spellcasting/spell_pb_teleport.skrit	372	report.screen("Failure. All party members need to be nearby.");	britannia_logic.dsres	추출 QA 보강: RUNTIME_SCREEN_TEXT	B096
f66e4fc03eb3	String	String	%s does not have a spell book equipped.	%s: 마법서를 장착하지 않았습니다.			1	1	world/contentdb/components/britannia/spellcasting/knowledge_scroll.skrit	93	report.screenf("%s does not have a spell book equipped.",screenname$);	britannia_logic.dsres	추출 QA 보강: RUNTIME_SCREEN_TEXT	B096
8c4a2feb9e7e	String	String	%s has reached level %d	%s: %d레벨에 도달했습니다.			1	1	world/contentdb/components/britannia/misc/shrine.skrit	94	report.screenf ( "%s has reached level %d", name$, level$ + 1 );	britannia_logic.dsres	추출 QA 보강: RUNTIME_SCREEN_TEXT	B096
0734a34bc7f8	String	String	%s experiences an overwhelming rush of inner peace and calm.	%s: 마음 깊은 곳에서 강렬한 평온과 고요를 느낍니다.			1	1	world/contentdb/components/britannia/misc/shrine.skrit	105	report.screenf("%s experiences an overwhelming rush of inner peace and calm.",name$);	britannia_logic.dsres	추출 QA 보강: RUNTIME_SCREEN_TEXT	B096
48d321a74267	String	String	That Quick Slot has not yet been assigned.	이 퀵 슬롯에는 아직 아무것도 지정되지 않았습니다.			2	2	ui/interfaces/backend/character_awp/character_awp.skrit	140	report.screen("That Quick Slot has not yet been assigned.");	britannia_logic.dsres	추출 QA 보강: RUNTIME_SCREEN_TEXT	B096
ff77068cebc3	UI/Text	UI/Text	The 'New Moon' moonstone is needed	‘신월’ 문스톤이 필요합니다.			1	1	ui/user_education_tooltips.gas	62	left_need_moonstone_new = "The 'New Moon' moonstone is needed";	lazarus_logic.dsres	추출 QA 보강: CUSTOM_UI_TOOLTIP	B096
8e1fe2f305fb	UI/Text	UI/Text	The 'Waxing Crescent' moonstone is needed	‘초승달’ 문스톤이 필요합니다.			1	1	ui/user_education_tooltips.gas	63	left_need_moonstone_waxing_crescent = "The 'Waxing Crescent' moonstone is needed";	lazarus_logic.dsres	추출 QA 보강: CUSTOM_UI_TOOLTIP	B096
8e4866097e68	UI/Text	UI/Text	The 'First Quarter' moonstone is needed	‘상현달’ 문스톤이 필요합니다.			1	1	ui/user_education_tooltips.gas	64	left_need_moonstone_first_quarter = "The 'First Quarter' moonstone is needed";	lazarus_logic.dsres	추출 QA 보강: CUSTOM_UI_TOOLTIP	B096
8f5136f0094c	UI/Text	UI/Text	The 'Waxing Gibbous' moonstone is needed	‘차오르는 볼록달’ 문스톤이 필요합니다.			1	1	ui/user_education_tooltips.gas	65	left_need_moonstone_waxing_gibbous = "The 'Waxing Gibbous' moonstone is needed";	lazarus_logic.dsres	추출 QA 보강: CUSTOM_UI_TOOLTIP	B096
921593f45781	UI/Text	UI/Text	The 'Full Moon' moonstone is needed	‘보름달’ 문스톤이 필요합니다.			1	1	ui/user_education_tooltips.gas	66	left_need_moonstone_full = "The 'Full Moon' moonstone is needed";	lazarus_logic.dsres	추출 QA 보강: CUSTOM_UI_TOOLTIP	B096
e447a243e0e5	UI/Text	UI/Text	The 'Waning Gibbous' moonstone is needed	‘기우는 볼록달’ 문스톤이 필요합니다.			1	1	ui/user_education_tooltips.gas	67	left_need_moonstone_waning_gibbous = "The 'Waning Gibbous' moonstone is needed";	lazarus_logic.dsres	추출 QA 보강: CUSTOM_UI_TOOLTIP	B096
280518f5cbaf	UI/Text	UI/Text	The 'Third Quarter' moonstone is needed	‘하현달’ 문스톤이 필요합니다.			1	1	ui/user_education_tooltips.gas	68	left_need_moonstone_third_quarter = "The 'Third Quarter' moonstone is needed";	lazarus_logic.dsres	추출 QA 보강: CUSTOM_UI_TOOLTIP	B096
bc55b805dc96	UI/Text	UI/Text	The 'Waning Crescent' moonstone is needed	‘그믐달’ 문스톤이 필요합니다.			1	1	ui/user_education_tooltips.gas	69	left_need_moonstone_waning_crescent = "The 'Waning Crescent' moonstone is needed";	lazarus_logic.dsres	추출 QA 보강: CUSTOM_UI_TOOLTIP	B096
45a6cb529cf3	UI/Text	UI/Text	Higher Dexterity increases ranged weapon accuracy and Armor Rating.	민첩이 높을수록 원거리 무기 명중률과 방어도가 증가합니다.			1	1	ui/user_education_tooltips.gas	109	text_dex = "Higher Dexterity increases ranged weapon accuracy and Armor Rating.";	lazarus_logic.dsres	추출 QA 보강: CUSTOM_UI_TOOLTIP	B096
6a5329845cc7	UI/Text	UI/Text	Use ranged weapons to increase Dexterity.	원거리 무기를 사용하면 민첩이 증가합니다.			1	1	ui/user_education_tooltips.gas	110	character_dex_value = "Use ranged weapons to increase Dexterity.";	lazarus_logic.dsres	추출 QA 보강: CUSTOM_UI_TOOLTIP	B096
591e29f19c7f	UI/Text	UI/Text	Higher Intelligence increases mana reserves.	지능이 높을수록 최대 마나가 증가합니다.			1	1	ui/user_education_tooltips.gas	112	text_int = "Higher Intelligence increases mana reserves.";	lazarus_logic.dsres	추출 QA 보강: CUSTOM_UI_TOOLTIP	B096
2ab564288c4f	UI/Text	UI/Text	Cast spells to increase Intelligence.	주문을 시전하면 지능이 증가합니다.			1	1	ui/user_education_tooltips.gas	113	character_int_value = "Cast spells to increase Intelligence.";	lazarus_logic.dsres	추출 QA 보강: CUSTOM_UI_TOOLTIP	B096
9a93bc8f0bf3	UI/Text	UI/Text	Higher Strength increases melee damage.	힘이 높을수록 근접 공격 피해가 증가합니다.			1	1	ui/user_education_tooltips.gas	115	text_str = "Higher Strength increases melee damage.";	lazarus_logic.dsres	추출 QA 보강: CUSTOM_UI_TOOLTIP	B096
46ef2f5be45e	UI/Text	UI/Text	Use melee weapons to increase Strength.	근접 무기를 사용하면 힘이 증가합니다.			1	1	ui/user_education_tooltips.gas	116	character_str_value = "Use melee weapons to increase Strength.";	lazarus_logic.dsres	추출 QA 보강: CUSTOM_UI_TOOLTIP	B096
376a8b14408c	UI/Text	UI/Text	Gray bar indicates progress toward next Melee skill level	회색 막대는 다음 근접 전투 기술 레벨까지의 진행도를 나타냅니다.			1	1	ui/user_education_tooltips.gas	118	text_skill_melee = "Gray bar indicates progress toward next Melee skill level";	lazarus_logic.dsres	추출 QA 보강: CUSTOM_UI_TOOLTIP	B096
6638750effc3	UI/Text	UI/Text	Gray bar indicates progress toward next Nature Magic skill level	회색 막대는 다음 자연 마법 기술 레벨까지의 진행도를 나타냅니다.			1	1	ui/user_education_tooltips.gas	119	text_skill_nature = "Gray bar indicates progress toward next Nature Magic skill level";	lazarus_logic.dsres	추출 QA 보강: CUSTOM_UI_TOOLTIP	B096
dd94a207272a	UI/Text	UI/Text	Gray bar indicates progress toward next Combat Magic skill level	회색 막대는 다음 전투 마법 기술 레벨까지의 진행도를 나타냅니다.			1	1	ui/user_education_tooltips.gas	120	text_skill_combat = "Gray bar indicates progress toward next Combat Magic skill level";	lazarus_logic.dsres	추출 QA 보강: CUSTOM_UI_TOOLTIP	B096
d80e11f7ffab	UI/Text	UI/Text	Gray bar indicates progress toward next Ranged skill level	회색 막대는 다음 원거리 전투 기술 레벨까지의 진행도를 나타냅니다.			1	1	ui/user_education_tooltips.gas	121	text_skill_ranged = "Gray bar indicates progress toward next Ranged skill level";	lazarus_logic.dsres	추출 QA 보강: CUSTOM_UI_TOOLTIP	B096
8f46aa142f30	UI/Text	UI/Text	Combat Magic skill increases when you use Combat Magic spells.	전투 마법 주문을 사용하면 전투 마법 기술이 증가합니다.			1	1	ui/user_education_tooltips.gas	122	character_combat_magic_value = "Combat Magic skill increases when you use Combat Magic spells.";	lazarus_logic.dsres	추출 QA 보강: CUSTOM_UI_TOOLTIP	B096
093b1a3e4573	UI/Text	UI/Text	Nature Magic skill increases when you use Nature Magic spells.	자연 마법 주문을 사용하면 자연 마법 기술이 증가합니다.			1	1	ui/user_education_tooltips.gas	123	character_nature_magic_value = "Nature Magic skill increases when you use Nature Magic spells.";	lazarus_logic.dsres	추출 QA 보강: CUSTOM_UI_TOOLTIP	B096
c82805836549	UI/Text	UI/Text	Melee skill increases when you use melee weapons, such as swords, axes, and maces.	검, 도끼, 철퇴 같은 근접 무기를 사용하면 근접 전투 기술이 증가합니다.			1	1	ui/user_education_tooltips.gas	124	character_melee_value = "Melee skill increases when you use melee weapons, such as swords, axes, and maces.";	lazarus_logic.dsres	추출 QA 보강: CUSTOM_UI_TOOLTIP	B096
9d61562fbe0f	UI/Text	UI/Text	Ranged skill increases when you use projectile weapons, such as bows and crossbows.	활, 석궁 같은 투사체 무기를 사용하면 원거리 전투 기술이 증가합니다.			1	1	ui/user_education_tooltips.gas	125	character_ranged_value = "Ranged skill increases when you use projectile weapons, such as bows and crossbows.";	lazarus_logic.dsres	추출 QA 보강: CUSTOM_UI_TOOLTIP	B096
f05dc97c7cbf	UI/Text	UI/Text	Current level of each combat skill	각 전투 기술의 현재 레벨			1	1	ui/user_education_tooltips.gas	127	text_skills = "Current level of each combat skill";	lazarus_logic.dsres	추출 QA 보강: CUSTOM_UI_TOOLTIP	B096
106b9de71713	UI/Text	UI/Text	Defensive value of equipped armor plus Dexterity bonus	장착한 방어구의 방어도에 민첩 보너스를 더한 값			1	1	ui/user_education_tooltips.gas	129	text_armor = "Defensive value of equipped armor plus Dexterity bonus";	lazarus_logic.dsres	추출 QA 보강: CUSTOM_UI_TOOLTIP	B096
c5bb90391828	UI/Text	UI/Text	Higher Armor Rating reduces damage taken in combat.	방어도가 높을수록 전투에서 받는 피해가 감소합니다.			1	1	ui/user_education_tooltips.gas	130	character_armor_value = "Higher Armor Rating reduces damage taken in combat.";	lazarus_logic.dsres	추출 QA 보강: CUSTOM_UI_TOOLTIP	B096
f33ba0b3427d	UI/Text	UI/Text	Melee damage is based on Strength and the weapon's damage rating.	근접 공격 피해는 힘과 무기의 피해 수치를 바탕으로 결정됩니다.			1	1	ui/user_education_tooltips.gas	131	text_melee_damage = "Melee damage is based on Strength and the weapon's damage rating.";	lazarus_logic.dsres	추출 QA 보강: CUSTOM_UI_TOOLTIP	B096
a81631bbfd5d	UI/Text	UI/Text	Current melee damage range against an unarmored target	비무장 대상에 대한 현재 근접 공격 피해 범위			1	1	ui/user_education_tooltips.gas	132	melee_damage_value = "Current melee damage range against an unarmored target";	lazarus_logic.dsres	추출 QA 보강: CUSTOM_UI_TOOLTIP	B096
a836456cd8db	UI/Text	UI/Text	Ranged damage is based on the weapon's damage rating.	원거리 공격 피해는 무기의 피해 수치를 바탕으로 결정됩니다.			1	1	ui/user_education_tooltips.gas	133	text_ranged_damage = "Ranged damage is based on the weapon's damage rating.";	lazarus_logic.dsres	추출 QA 보강: CUSTOM_UI_TOOLTIP	B096
2aa4305b0b52	UI/Text	UI/Text	Current ranged damage range against an unarmored target	비무장 대상에 대한 현재 원거리 공격 피해 범위			1	1	ui/user_education_tooltips.gas	134	ranged_damage_value = "Current ranged damage range against an unarmored target";	lazarus_logic.dsres	추출 QA 보강: CUSTOM_UI_TOOLTIP	B096
5a59081e6fa5	UI/Text	UI/Text	Drag amulet here to equip	장착하려면 부적을 이곳으로 드래그			1	1	ui/user_education_tooltips.gas	140	empty_amulet = "Drag amulet here to equip";	lazarus_logic.dsres	추출 QA 보강: CUSTOM_UI_TOOLTIP	B096
add12a675a0e	UI/Text	UI/Text	Drag ring here to equip	장착하려면 반지를 이곳으로 드래그			1	1	ui/user_education_tooltips.gas	141	empty_ring = "Drag ring here to equip";	lazarus_logic.dsres	추출 QA 보강: CUSTOM_UI_TOOLTIP	B096
f5670abaf24c	UI/Text	UI/Text	Drag armor here to equip	장착하려면 방어구를 이곳으로 드래그			1	1	ui/user_education_tooltips.gas	142	empty_armor = "Drag armor here to equip";	lazarus_logic.dsres	추출 QA 보강: CUSTOM_UI_TOOLTIP	B096
087978a35a8d	UI/Text	UI/Text	Drag boots here to equip	장착하려면 장화를 이곳으로 드래그			1	1	ui/user_education_tooltips.gas	143	empty_boots = "Drag boots here to equip";	lazarus_logic.dsres	추출 QA 보강: CUSTOM_UI_TOOLTIP	B096
36be227a7c78	UI/Text	UI/Text	Drag gauntlets here to equip	장착하려면 건틀릿을 이곳으로 드래그			1	1	ui/user_education_tooltips.gas	144	empty_gauntlets = "Drag gauntlets here to equip";	lazarus_logic.dsres	추출 QA 보강: CUSTOM_UI_TOOLTIP	B096
fbb3c2ead994	UI/Text	UI/Text	Drag helmet here to equip	장착하려면 투구를 이곳으로 드래그			1	1	ui/user_education_tooltips.gas	145	empty_helmet = "Drag helmet here to equip";	lazarus_logic.dsres	추출 QA 보강: CUSTOM_UI_TOOLTIP	B096
fbad3f51966c	UI/Text	UI/Text	Drag melee weapon here to equip	장착하려면 근접 무기를 이곳으로 드래그			1	1	ui/user_education_tooltips.gas	146	empty_melee = "Drag melee weapon here to equip";	lazarus_logic.dsres	추출 QA 보강: CUSTOM_UI_TOOLTIP	B096
85a73e56b5ee	UI/Text	UI/Text	Drag shield here to equip	장착하려면 방패를 이곳으로 드래그			1	1	ui/user_education_tooltips.gas	147	empty_shield = "Drag shield here to equip";	lazarus_logic.dsres	추출 QA 보강: CUSTOM_UI_TOOLTIP	B096
269d1280c35a	UI/Text	UI/Text	Drag ranged weapon here to equip.	장착하려면 원거리 무기를 이곳으로 드래그			1	1	ui/user_education_tooltips.gas	148	empty_ranged = "Drag ranged weapon here to equip.";	lazarus_logic.dsres	추출 QA 보강: CUSTOM_UI_TOOLTIP	B096
c72b773b2174	UI/Text	UI/Text	Drag Spell Book here to equip. Spell Book must be equipped to cast spells.	장착하려면 마법서를 이곳으로 드래그. 주문을 시전하려면 마법서를 장착해야 합니다.			1	1	ui/user_education_tooltips.gas	149	empty_spellbook = "Drag Spell Book here to equip. Spell Book must be equipped to cast spells.";	lazarus_logic.dsres	추출 QA 보강: CUSTOM_UI_TOOLTIP	B096
3611ae079bab	UI/Text	UI/Text	Clients are synchronizing data with the host.\nGame will automatically unpause.	클라이언트가 호스트와 데이터를 동기화하고 있습니다.\n동기화가 끝나면 게임이 자동으로 재개됩니다.			1	1	ui/user_education_tooltips.gas	166	slow_network = "Clients are synchronizing data with the host.\nGame will automatically unpause.";	lazarus_logic.dsres	추출 QA 보강: CUSTOM_UI_TOOLTIP	B096
6460a6df0006	UI/Text	UI/Text	Hide compass	나침반 숨기기			1	1	ui/user_education_tooltips.gas	169	compass_hide = "Hide compass";	lazarus_logic.dsres	추출 QA 보강: CUSTOM_UI_TOOLTIP	B096
b8c9ed39fe88	UI/Text	UI/Text	View compass	나침반 보기			1	1	ui/user_education_tooltips.gas	170	compass_show = "View compass";	lazarus_logic.dsres	추출 QA 보강: CUSTOM_UI_TOOLTIP	B096
2dbb854dfef5	UI/Text	UI/Text	Compass shows the direction the camera is pointing.	나침반은 카메라가 향하는 방향을 표시합니다.			1	1	ui/user_education_tooltips.gas	171	compass_drag_window = "Compass shows the direction the camera is pointing.";	lazarus_logic.dsres	추출 QA 보강: CUSTOM_UI_TOOLTIP	B096
72c137acf332	UI/Text	UI/Text	Arrange party in a circle formation.	파티를 원형 대형으로 배치합니다.			1	1	ui/user_education_tooltips.gas	174	formation_circle = "Arrange party in a circle formation.";	lazarus_logic.dsres	추출 QA 보강: CUSTOM_UI_TOOLTIP	B096
3e9debae3ab1	UI/Text	UI/Text	Arrange party in a column formation.	파티를 종대 대형으로 배치합니다.			1	1	ui/user_education_tooltips.gas	175	formation_column = "Arrange party in a column formation.";	lazarus_logic.dsres	추출 QA 보강: CUSTOM_UI_TOOLTIP	B096
98195cc49646	UI/Text	UI/Text	Arrange party in a double-column formation.	파티를 2열 종대 대형으로 배치합니다.			1	1	ui/user_education_tooltips.gas	176	formation_double_column = "Arrange party in a double-column formation.";	lazarus_logic.dsres	추출 QA 보강: CUSTOM_UI_TOOLTIP	B096
efbd8955f3d3	UI/Text	UI/Text	Arrange party in a double-row formation.	파티를 2열 횡대 대형으로 배치합니다.			1	1	ui/user_education_tooltips.gas	177	formation_double_row = "Arrange party in a double-row formation.";	lazarus_logic.dsres	추출 QA 보강: CUSTOM_UI_TOOLTIP	B096
8784c07cb6c7	UI/Text	UI/Text	Arrange party in a wedge formation.	파티를 쐐기 대형으로 배치합니다.			1	1	ui/user_education_tooltips.gas	178	formation_pyramid = "Arrange party in a wedge formation.";	lazarus_logic.dsres	추출 QA 보강: CUSTOM_UI_TOOLTIP	B096
b551f233ee6e	UI/Text	UI/Text	Arrange party in a row formation.	파티를 횡대 대형으로 배치합니다.			1	1	ui/user_education_tooltips.gas	179	formation_row = "Arrange party in a row formation.";	lazarus_logic.dsres	추출 QA 보강: CUSTOM_UI_TOOLTIP	B096
15c36a8d0add	UI/Text	UI/Text	View or hide formations	대형 표시/숨기기			1	1	ui/user_education_tooltips.gas	180	button_formations = "View or hide formations";	lazarus_logic.dsres	추출 QA 보강: CUSTOM_UI_TOOLTIP	B096
b6369caa6afb	UI/Text	UI/Text	Movement Commands - Engage:\nCharacter stays in the vicinity to pursue enemy	이동 명령 - 교전:\n캐릭터가 주변 범위 안에서 적을 추격합니다.			1	1	ui/user_education_tooltips.gas	182	button_movement_engage = "Movement Commands - Engage:\nCharacter stays in the vicinity to pursue enemy";	lazarus_logic.dsres	추출 QA 보강: CUSTOM_UI_TOOLTIP	B096
7f6e223792f4	UI/Text	UI/Text	Movement Commands - Move Freely:\nCharacter moves anywhere to pursue enemy	이동 명령 - 자유 이동:\n캐릭터가 적을 추격하기 위해 어디든 이동합니다.			1	1	ui/user_education_tooltips.gas	183	button_movement_freely = "Movement Commands - Move Freely:\nCharacter moves anywhere to pursue enemy";	lazarus_logic.dsres	추출 QA 보강: CUSTOM_UI_TOOLTIP	B096
f77720459168	UI/Text	UI/Text	Movement Commands - Hold Ground:\nCharacter does not move but fights back if attacked	이동 명령 - 위치 사수:\n캐릭터는 이동하지 않지만 공격받으면 반격합니다.			1	1	ui/user_education_tooltips.gas	184	button_movement_holdground = "Movement Commands - Hold Ground:\nCharacter does not move but fights back if attacked";	lazarus_logic.dsres	추출 QA 보강: CUSTOM_UI_TOOLTIP	B096
07ccbb831660	UI/Text	UI/Text	Attack Commands - Defend:\nCharacter does not attack, only fights back	공격 명령 - 방어:\n캐릭터는 먼저 공격하지 않고 반격만 합니다.			1	1	ui/user_education_tooltips.gas	186	button_attack_fightback = "Attack Commands - Defend:\nCharacter does not attack, only fights back";	lazarus_logic.dsres	추출 QA 보강: CUSTOM_UI_TOOLTIP	B096
7df10248e9b6	UI/Text	UI/Text	Attack Commands - Attack Freely:\nCharacter attacks any enemy	공격 명령 - 자유 공격:\n캐릭터가 모든 적을 공격합니다.			1	1	ui/user_education_tooltips.gas	187	button_attack_free = "Attack Commands - Attack Freely:\nCharacter attacks any enemy";	lazarus_logic.dsres	추출 QA 보강: CUSTOM_UI_TOOLTIP	B096
c52b193bf17a	UI/Text	UI/Text	Attack Commands - Hold Fire:\nCharacter does not fight, even if attacked	공격 명령 - 공격 중지:\n공격받아도 캐릭터가 싸우지 않습니다.			1	1	ui/user_education_tooltips.gas	188	button_attack_holdfire = "Attack Commands - Hold Fire:\nCharacter does not fight, even if attacked";	lazarus_logic.dsres	추출 QA 보강: CUSTOM_UI_TOOLTIP	B096
19f6828e1942	UI/Text	UI/Text	Targeting Commands - Target Strongest:\nCharacter attacks strongest enemy in view	대상 지정 명령 - 가장 강한 적:\n시야 안에서 가장 강한 적을 공격합니다.			1	1	ui/user_education_tooltips.gas	190	button_target_strongest = "Targeting Commands - Target Strongest:\nCharacter attacks strongest enemy in view";	lazarus_logic.dsres	추출 QA 보강: CUSTOM_UI_TOOLTIP	B096
ca75ebf8024e	UI/Text	UI/Text	Targeting Commands - Target Weakest:\nCharacter attacks weakest enemy in view	대상 지정 명령 - 가장 약한 적:\n시야 안에서 가장 약한 적을 공격합니다.			1	1	ui/user_education_tooltips.gas	191	button_target_weakest = "Targeting Commands - Target Weakest:\nCharacter attacks weakest enemy in view";	lazarus_logic.dsres	추출 QA 보강: CUSTOM_UI_TOOLTIP	B096
8709a4f251e6	UI/Text	UI/Text	Targeting Commands - Target Closest:\nCharacter attacks closest enemy in view	대상 지정 명령 - 가장 가까운 적:\n시야 안에서 가장 가까운 적을 공격합니다.			1	1	ui/user_education_tooltips.gas	192	button_target_closest = "Targeting Commands - Target Closest:\nCharacter attacks closest enemy in view";	lazarus_logic.dsres	추출 QA 보강: CUSTOM_UI_TOOLTIP	B096
8eba22a6536a	UI/Text	UI/Text	View Engagement and Formation Standing Orders	교전 및 대형 상시 명령 보기			1	1	ui/user_education_tooltips.gas	200	button_field_commands_max = "View Engagement and Formation Standing Orders";	lazarus_logic.dsres	추출 QA 보강: CUSTOM_UI_TOOLTIP	B096
996506b1922b	UI/Text	UI/Text	Hide Engagement and Formation Standing Orders	교전 및 대형 상시 명령 숨기기			1	1	ui/user_education_tooltips.gas	201	button_field_commands_min = "Hide Engagement and Formation Standing Orders";	lazarus_logic.dsres	추출 QA 보강: CUSTOM_UI_TOOLTIP	B096
6200762d755f	UI/Text	UI/Text	Disband selected party members. You must keep at least one human or dwarven member in your party.	선택한 파티원을 내보냅니다. 파티에는 인간 또는 드워프 파티원이 최소 한 명 있어야 합니다.			1	1	ui/user_education_tooltips.gas	205	button_disband = "Disband selected party members. You must keep at least one human or dwarven member in your party.";	lazarus_logic.dsres	추출 QA 보강: CUSTOM_UI_TOOLTIP	B096
70ce2e5445a4	UI/Text	UI/Text	Defend - Character does not attack, only fights back.	방어 - 먼저 공격하지 않고 반격만 합니다.			1	1	ui/user_education_tooltips.gas	206	attack_fightback = "Defend - Character does not attack, only fights back.";	lazarus_logic.dsres	추출 QA 보강: CUSTOM_UI_TOOLTIP	B096
2c959041e5f1	UI/Text	UI/Text	Attack Freely - Character attacks any enemy.	자유 공격 - 모든 적을 공격합니다.			1	1	ui/user_education_tooltips.gas	207	attack_free = "Attack Freely - Character attacks any enemy.";	lazarus_logic.dsres	추출 QA 보강: CUSTOM_UI_TOOLTIP	B096
f8b26cdbbf48	UI/Text	UI/Text	Hold Fire - Character does not fight, even if attacked.	공격 중지 - 공격받아도 싸우지 않습니다.			1	1	ui/user_education_tooltips.gas	208	attack_holdfire = "Hold Fire - Character does not fight, even if attacked.";	lazarus_logic.dsres	추출 QA 보강: CUSTOM_UI_TOOLTIP	B096
0cf31fd4f7f1	UI/Text	UI/Text	Move Freely - Character moves anywhere to pursue enemy.	자유 이동 - 적을 추격하기 위해 어디든 이동합니다.			1	1	ui/user_education_tooltips.gas	209	movement_free = "Move Freely - Character moves anywhere to pursue enemy.";	lazarus_logic.dsres	추출 QA 보강: CUSTOM_UI_TOOLTIP	B096
faf3b664760a	UI/Text	UI/Text	Engage - Character stays in the vicinity to pursue enemy.	교전 - 주변 범위 안에서 적을 추격합니다.			1	1	ui/user_education_tooltips.gas	210	movement_engage = "Engage - Character stays in the vicinity to pursue enemy.";	lazarus_logic.dsres	추출 QA 보강: CUSTOM_UI_TOOLTIP	B096
fbb4f6a2b4ac	UI/Text	UI/Text	Hold Ground - Character holds position.	위치 사수 - 현재 위치를 지킵니다.			1	1	ui/user_education_tooltips.gas	211	movement_holdground = "Hold Ground - Character holds position.";	lazarus_logic.dsres	추출 QA 보강: CUSTOM_UI_TOOLTIP	B096
5bf7dcb71f9b	UI/Text	UI/Text	Target Strongest - Character attacks strongest enemy in view.	가장 강한 적 - 시야 안에서 가장 강한 적을 공격합니다.			1	1	ui/user_education_tooltips.gas	212	target_strongest = "Target Strongest - Character attacks strongest enemy in view.";	lazarus_logic.dsres	추출 QA 보강: CUSTOM_UI_TOOLTIP	B096
642f1ace88c3	UI/Text	UI/Text	Target Weakest - Character attacks weakest enemy in view.	가장 약한 적 - 시야 안에서 가장 약한 적을 공격합니다.			1	1	ui/user_education_tooltips.gas	213	target_weakest = "Target Weakest - Character attacks weakest enemy in view.";	lazarus_logic.dsres	추출 QA 보강: CUSTOM_UI_TOOLTIP	B096
56efdbd81913	UI/Text	UI/Text	Target Closest - Character attacks closest enemy in view.	가장 가까운 적 - 시야 안에서 가장 가까운 적을 공격합니다.			1	1	ui/user_education_tooltips.gas	214	target_closest = "Target Closest - Character attacks closest enemy in view.";	lazarus_logic.dsres	추출 QA 보강: CUSTOM_UI_TOOLTIP	B096
6e6a8af5297a	UI/Text	UI/Text	Order selected member(s) to collect items. If party includes a packmule, items are loaded on the packmule first.	선택한 파티원에게 아이템을 줍도록 명령합니다. 파티에 짐노새가 있으면 아이템을 짐노새에 먼저 싣습니다.			1	1	ui/user_education_tooltips.gas	215	collect_loot = "Order selected member(s) to collect items. If party includes a packmule, items are loaded on the packmule first.";	lazarus_logic.dsres	추출 QA 보강: CUSTOM_UI_TOOLTIP	B096
736e921a8e50	UI/Text	UI/Text	Order character to collect items.	캐릭터에게 아이템을 줍도록 명령합니다.			1	1	ui/user_education_tooltips.gas	216	collect_loot_mp = "Order character to collect items.";	lazarus_logic.dsres	추출 QA 보강: CUSTOM_UI_TOOLTIP	B096
fee7907572b4	UI/Text	UI/Text	Engage follow mode	따라가기 모드 활성화			1	1	ui/user_education_tooltips.gas	217	follow_off = "Engage follow mode";	lazarus_logic.dsres	추출 QA 보강: CUSTOM_UI_TOOLTIP	B096
c931362f8be9	UI/Text	UI/Text	Disengage follow mode	따라가기 모드 해제			1	1	ui/user_education_tooltips.gas	218	follow_on = "Disengage follow mode";	lazarus_logic.dsres	추출 QA 보강: CUSTOM_UI_TOOLTIP	B096
b24aad5fd799	UI/Text	UI/Text	Currently available spell appearing in slot 3 on Weapons Panel	무기 패널 3번 슬롯에 표시되는 현재 사용 가능한 주문			1	1	ui/user_education_tooltips.gas	230	active_spell_1 = "Currently available spell appearing in slot 3 on Weapons Panel";	lazarus_logic.dsres	추출 QA 보강: CUSTOM_UI_TOOLTIP	B096
89bc605e2a49	UI/Text	UI/Text	Currently available spell appearing in slot 4 on Weapons Panel	무기 패널 4번 슬롯에 표시되는 현재 사용 가능한 주문			1	1	ui/user_education_tooltips.gas	231	active_spell_2 = "Currently available spell appearing in slot 4 on Weapons Panel";	lazarus_logic.dsres	추출 QA 보강: CUSTOM_UI_TOOLTIP	B096
075cf50705cc	UI/Text	UI/Text	Currently selected Spell Book (highlighted in gray)	현재 선택한 마법서(회색으로 강조 표시)			1	1	ui/user_education_tooltips.gas	232	spellbook_header = "Currently selected Spell Book (highlighted in gray)";	lazarus_logic.dsres	추출 QA 보강: CUSTOM_UI_TOOLTIP	B096
12282062e7c0	UI/Text	UI/Text	Accept this person's offer to join your party	이 인물의 파티 합류 제안을 수락합니다.			1	1	ui/user_education_tooltips.gas	272	accept = "Accept this person's offer to join your party";	lazarus_logic.dsres	추출 QA 보강: CUSTOM_UI_TOOLTIP	B096
08c113abef39	UI/Text	UI/Text	Buy a packmule	짐노새 구입			1	1	ui/user_education_tooltips.gas	273	buy_packmule = "Buy a packmule";	lazarus_logic.dsres	추출 QA 보강: CUSTOM_UI_TOOLTIP	B096
ead871eae188	UI/Text	UI/Text	Close this dialogue window	이 대화 창 닫기			1	1	ui/user_education_tooltips.gas	274	close_dialogue = "Close this dialogue window";	lazarus_logic.dsres	추출 QA 보강: CUSTOM_UI_TOOLTIP	B096
691c4c209d5d	UI/Text	UI/Text	View this merchant's inventory	이 상인의 물품 보기			1	1	ui/user_education_tooltips.gas	275	shop = "View this merchant's inventory";	lazarus_logic.dsres	추출 QA 보강: CUSTOM_UI_TOOLTIP	B096
751de68699d5	UI/Text	UI/Text	Decline this person's offer to join your party	이 인물의 파티 합류 제안을 거절합니다.			1	1	ui/user_education_tooltips.gas	276	decline = "Decline this person's offer to join your party";	lazarus_logic.dsres	추출 QA 보강: CUSTOM_UI_TOOLTIP	B096
b70718d1c709	UI/Text	UI/Text	Replay dialogue	대화 다시 재생			1	1	ui/user_education_tooltips.gas	277	replay = "Replay dialogue";	lazarus_logic.dsres	추출 QA 보강: CUSTOM_UI_TOOLTIP	B096
eaf7401835f5	UI/Text	UI/Text	Stop dialogue	대화 중지			1	1	ui/user_education_tooltips.gas	278	stop = "Stop dialogue";	lazarus_logic.dsres	추출 QA 보강: CUSTOM_UI_TOOLTIP	B096
6a5cb00f7223	UI/Text	UI/Text	Toggle sound on/off	소리 켜기/끄기			1	1	ui/user_education_tooltips.gas	279	sound_toggle = "Toggle sound on/off";	lazarus_logic.dsres	추출 QA 보강: CUSTOM_UI_TOOLTIP	B096
577225a33f9b	UI/Text	UI/Text	Continue conversation	대화 계속			1	1	ui/user_education_tooltips.gas	280	more_dialogue = "Continue conversation";	lazarus_logic.dsres	추출 QA 보강: CUSTOM_UI_TOOLTIP	B096
91e02ccf7d80	UI/Text	UI/Text	View this person's statistics and skills	이 인물의 능력치와 기술 보기			1	1	ui/user_education_tooltips.gas	281	show_stats = "View this person's statistics and skills";	lazarus_logic.dsres	추출 QA 보강: CUSTOM_UI_TOOLTIP	B096
a19146c51c5a	UI/Text	UI/Text	Show the dialogue for this entry.	이 항목의 대화 내용을 표시합니다.			1	1	ui/user_education_tooltips.gas	284	journal_show_dialog = "Show the dialogue for this entry.";	lazarus_logic.dsres	추출 QA 보강: CUSTOM_UI_TOOLTIP	B096
039a4a2d7278	UI/Text	UI/Text	Close Journal	저널 닫기			1	1	ui/user_education_tooltips.gas	285	journal_close = "Close Journal";	lazarus_logic.dsres	추출 QA 보강: CUSTOM_UI_TOOLTIP	B096
a257dac93104	UI/Text	UI/Text	Return to the Table of Contents	목차로 돌아가기			1	1	ui/user_education_tooltips.gas	286	journal_back = "Return to the Table of Contents";	lazarus_logic.dsres	추출 QA 보강: CUSTOM_UI_TOOLTIP	B096
fba0e0d9d3ec	UI/Text	UI/Text	Return to the current game	현재 게임으로 돌아가기			1	1	ui/user_education_tooltips.gas	289	ig_resume = "Return to the current game";	lazarus_logic.dsres	추출 QA 보강: CUSTOM_UI_TOOLTIP	B096
fa5e6734cdab	UI/Text	UI/Text	View the Options Menu	옵션 메뉴 보기			1	1	ui/user_education_tooltips.gas	290	ig_options = "View the Options Menu";	lazarus_logic.dsres	추출 QA 보강: CUSTOM_UI_TOOLTIP	B096
445bef57e029	UI/Text	UI/Text	View the Host Options Menu	호스트 옵션 메뉴 보기			1	1	ui/user_education_tooltips.gas	291	ig_host_options = "View the Host Options Menu";	lazarus_logic.dsres	추출 QA 보강: CUSTOM_UI_TOOLTIP	B096
2677b669ccbe	UI/Text	UI/Text	Save your character and return all players to the Staging Area	캐릭터를 저장하고 모든 플레이어를 대기실로 돌려보냅니다.			1	1	ui/user_education_tooltips.gas	292	ig_exit_to_staging_area = "Save your character and return all players to the Staging Area";	lazarus_logic.dsres	추출 QA 보강: CUSTOM_UI_TOOLTIP	B096
eecc7ee171e1	UI/Text	UI/Text	Save characters and exit all players to Game Summary	캐릭터를 저장하고 모든 플레이어를 게임 요약 화면으로 종료합니다.			1	1	ui/user_education_tooltips.gas	293	ig_exit_game = "Save characters and exit all players to Game Summary";	lazarus_logic.dsres	추출 QA 보강: CUSTOM_UI_TOOLTIP	B096
fee705ceb404	UI/Text	UI/Text	Save your character and exit to games list	캐릭터를 저장하고 게임 목록으로 나갑니다.			1	1	ui/user_education_tooltips.gas	294	ig_exit_game_client = "Save your character and exit to games list";	lazarus_logic.dsres	추출 QA 보강: CUSTOM_UI_TOOLTIP	B096
7b2c250c1ec3	UI/Text	UI/Text	Save the current game	현재 게임 저장			1	1	ui/user_education_tooltips.gas	295	ig_save = "Save the current game";	lazarus_logic.dsres	추출 QA 보강: CUSTOM_UI_TOOLTIP	B096
6894b27f3b34	UI/Text	UI/Text	Load a saved game	저장된 게임 불러오기			1	1	ui/user_education_tooltips.gas	296	ig_load = "Load a saved game";	lazarus_logic.dsres	추출 QA 보강: CUSTOM_UI_TOOLTIP	B096
869131852f50	UI/Text	UI/Text	This is the offering of the person you are trading with.	거래 상대가 제시한 물품입니다.			1	1	ui/user_education_tooltips.gas	299	trade_destination = "This is the offering of the person you are trading with.";	lazarus_logic.dsres	추출 QA 보강: CUSTOM_UI_TOOLTIP	B096
12495d5d8acd	UI/Text	UI/Text	Place items in this window to offer them in trade.	거래에 제시할 아이템을 이 창에 놓으십시오.			1	1	ui/user_education_tooltips.gas	300	trade_source = "Place items in this window to offer them in trade.";	lazarus_logic.dsres	추출 QA 보강: CUSTOM_UI_TOOLTIP	B096
ed7ef6ecdabc	UI/Text	UI/Text	Accept this trade	이 거래 수락			1	1	ui/user_education_tooltips.gas	301	trade_accept = "Accept this trade";	lazarus_logic.dsres	추출 QA 보강: CUSTOM_UI_TOOLTIP	B096
a4f6c27ae8c6	UI/Text	UI/Text	Cancel trade; items and gold will return to your Inventory.	거래 취소. 아이템과 금화는 인벤토리로 돌아갑니다.			1	1	ui/user_education_tooltips.gas	302	trade_cancel = "Cancel trade; items and gold will return to your Inventory.";	lazarus_logic.dsres	추출 QA 보강: CUSTOM_UI_TOOLTIP	B096
0f8cc4f34d7f	UI/Text	UI/Text	Protection	보호			1	1	ui/user_education_tooltips.gas	330	spell_rollover_401 = "Protection";	lazarus_logic.dsres	추출 QA 보강: CUSTOM_UI_TOOLTIP	B096
9a62d2d3b9cf	UI/Text	UI/Text	Click to assign the current spell to this quick slot	클릭하면 현재 주문을 이 퀵 슬롯에 지정합니다.			8	1	ui/interfaces/britannia/ui_spellbook.gas	570	help_text = "Click to assign the current spell to this quick slot";	lazarus_logic.dsres	추출 QA 보강: SPELLBOOK_UI	B096
e30ccf858f5e	UI/Text	UI/Text	Ginseng	인삼			2	1	ui/interfaces/britannia/ui_spellbook.gas	1727	help_text = "Ginseng";	lazarus_logic.dsres	추출 QA 보강: SPELLBOOK_UI	B096
0c6a7eef88b9	UI/Text	UI/Text	Innkeeper Services	여관 서비스			1	1	ui/interfaces/britannia/ui_generic_convo.gas	265	text = "Innkeeper Services";	britannia_logic.dsres	추출 QA 보강: CUSTOM_UI_TEXT	B096
94c790ecdd51	UI/Text	UI/Text	Healing Services	치료 서비스			1	1	ui/interfaces/britannia/ui_generic_convo.gas	308	text = "Healing Services";	britannia_logic.dsres	추출 QA 보강: CUSTOM_UI_TEXT	B096
06c1ff6adac1	UI/Text	UI/Text	Limit minimap use to Gems	미니맵 사용을 보석으로 제한			1	1	ui/interfaces/britannia/ui_custom_options.gas	177	text = "Limit minimap use to Gems";	britannia_logic.dsres	추출 QA 보강: CUSTOM_UI_TEXT	B096
000cd163ec20	UI/Text	UI/Text	Disable damage from starvation	굶주림 피해 비활성화			1	1	ui/interfaces/britannia/ui_custom_options.gas	200	text = "Disable damage from starvation";	britannia_logic.dsres	추출 QA 보강: CUSTOM_UI_TEXT	B096
7891cf923382	UI/Text	UI/Text	Disable Encumberance calculations	소지 한도 계산 비활성화			1	1	ui/interfaces/britannia/ui_custom_options.gas	223	text = "Disable Encumberance calculations";	britannia_logic.dsres	추출 QA 보강: CUSTOM_UI_TEXT	B096
5a8ddcaeecf1	UI/Text	UI/Text	Gameplay Settings	게임플레이 설정			1	1	ui/interfaces/britannia/ui_custom_options.gas	256	text = "Gameplay Settings";	britannia_logic.dsres	추출 QA 보강: CUSTOM_UI_TEXT	B096
d422b32a0b92	UI/Text	UI/Text	Disable Battle Music	전투 음악 비활성화			1	1	ui/interfaces/britannia/ui_custom_options.gas	507	text = "Disable Battle Music";	britannia_logic.dsres	추출 QA 보강: CUSTOM_UI_TEXT	B096
9ce3bd4224c8	UI/Text	UI/Text	OK	확인			1	1	ui/interfaces/britannia/ui_okbox.gas	122	text = "OK";	britannia_logic.dsres	추출 QA 보강: CUSTOM_UI_TEXT	B096
bc981983e7f5	UI/Text	UI/Text	Next	다음			1	1	ui/interfaces/britannia/ui_generic_banter.gas	156	text = "Next";	britannia_logic.dsres	추출 QA 보강: CUSTOM_UI_TEXT	B096
ca7f9150465c	UI/Text	UI/Text	Standard of Honor	명예의 군기			1	1	world/contentdb/templates/lazarus/interactive/trs_lazquest.gas	1372	screen_name = "Standard of Honor";	lazarus_logic.dsres	추출 QA 보강: ITEM_SCREEN_NAME	B096
6eb9532f383d	String	String	Ranger	레인저			1	1	world/contentdb/templates/britannia/actors/good/pb_companions.gas	238	screen_class = "Ranger";	lazarus_logic.dsres	추출 QA 보강: SCREEN_CLASS	B096
1ac85b7c33b9	String	String	Paladin	팔라딘			1	1	world/contentdb/templates/britannia/actors/good/pb_companions.gas	645	screen_class = "Paladin";	lazarus_logic.dsres	추출 QA 보강: SCREEN_CLASS	B096
