ID	Category	English	Korean	Occurrences	Tank	ResourcePath	Line	LineText
7c2d52957b65	B099 confirmed visible GAS	Skill Level: 	기술 레벨: 	1	britannia_logic.dsres	ui/interfaces/backend/character_awp/character_awp.gas	4108	"help_text = ""Skill Level: "";"
204be48ac924	B099 confirmed visible GAS	Skill Level: 	기술 레벨: 	1	britannia_logic.dsres	ui/interfaces/backend/character_awp/character_awp.gas	4161	"help_text = ""Skill Level: "";"
ce23a5c6a895	B099 confirmed visible GAS	Skill Level: 	기술 레벨: 	1	britannia_logic.dsres	ui/interfaces/backend/character_awp/character_awp.gas	4214	"help_text = ""Skill Level: "";"
540b83bfa2e0	B099 confirmed visible GAS	Skill Level: 	기술 레벨: 	1	britannia_logic.dsres	ui/interfaces/backend/character_awp/character_awp.gas	4267	"help_text = ""Skill Level: "";"
b5add95bcb65	B099 confirmed visible GAS	Skill Level: 	기술 레벨: 	1	britannia_logic.dsres	ui/interfaces/backend/character_awp/character_awp.gas	4321	"help_text = ""Skill Level: "";"
30487129ce65	B099 confirmed visible GAS	Skill Level: 	기술 레벨: 	1	britannia_logic.dsres	ui/interfaces/backend/character_awp/character_awp.gas	4372	"help_text = ""Skill Level: "";"
15217cf864d6	B099 confirmed visible GAS	Skill Level: 	기술 레벨: 	1	britannia_logic.dsres	ui/interfaces/backend/character_awp/character_awp.gas	4424	"help_text = ""Skill Level: "";"
00bb0679dcb2	B099 confirmed visible GAS	Skill Level: 	기술 레벨: 	1	britannia_logic.dsres	ui/interfaces/backend/character_awp/character_awp.gas	4477	"help_text = ""Skill Level: "";"
1b02d53121bd	B099 confirmed visible GAS	Skill Level: 	기술 레벨: 	1	britannia_logic.dsres	ui/interfaces/backend/character_awp/character_awp.gas	4527	"help_text = ""Skill Level: "";"
98aabc7a93dc	B099 confirmed visible GAS	Skill Level: 	기술 레벨: 	1	britannia_logic.dsres	ui/interfaces/backend/character_awp/character_awp.gas	4580	"help_text = ""Skill Level: "";"
1245eab03e31	B099 confirmed visible GAS	Skill Level: 	기술 레벨: 	1	britannia_logic.dsres	ui/interfaces/backend/character_awp/character_awp.gas	4633	"help_text = ""Skill Level: "";"
bc4e55493ee1	B099 confirmed visible GAS	Skill Level: 	기술 레벨: 	1	britannia_logic.dsres	ui/interfaces/backend/character_awp/character_awp.gas	4685	"help_text = ""Skill Level: "";"
e7af9ff43c27	B099 confirmed visible GAS	Skill Level: 	기술 레벨: 	1	britannia_logic.dsres	ui/interfaces/backend/character_awp/character_awp.gas	4737	"help_text = ""Skill Level: "";"
6f7d43d49d83	B099 confirmed visible GAS	Skill Level: 	기술 레벨: 	1	britannia_logic.dsres	ui/interfaces/backend/character_awp/character_awp.gas	4789	"help_text = ""Skill Level: "";"
7827ea6d046b	B099 confirmed visible GAS	Skill Level: 	기술 레벨: 	1	britannia_logic.dsres	ui/interfaces/backend/character_awp/character_awp.gas	4841	"help_text = ""Skill Level: "";"
c8e43683d98f	B099 confirmed visible GAS	Skill Level: 	기술 레벨: 	1	britannia_logic.dsres	ui/interfaces/backend/character_awp/character_awp.gas	4893	"help_text = ""Skill Level: "";"
0800800f3180	B099 confirmed visible GAS	Skill Level: 	기술 레벨: 	1	britannia_logic.dsres	ui/interfaces/backend/character_awp/character_awp.gas	4948	"help_text = ""Skill Level: "";"
84ce6cdddc47	B099 confirmed visible GAS	Skill Level: 	기술 레벨: 	1	britannia_logic.dsres	ui/interfaces/backend/character_awp/character_awp.gas	5002	"help_text = ""Skill Level: "";"
296317bb714e	B099 confirmed visible GAS	Skill Level: 	기술 레벨: 	1	britannia_logic.dsres	ui/interfaces/backend/character_awp/character_awp.gas	5057	"help_text = ""Skill Level: "";"
f9ddf8ca5e58	B099 confirmed visible GAS	Skill Level: 	기술 레벨: 	1	britannia_logic.dsres	ui/interfaces/backend/character_awp/character_awp.gas	5113	"help_text = ""Skill Level: "";"
6edbf2cea526	B099 confirmed visible GAS	Skill Level: 	기술 레벨: 	1	britannia_logic.dsres	ui/interfaces/backend/character_awp/character_awp.gas	5167	"help_text = ""Skill Level: "";"
307d7224056a	B099 confirmed visible GAS	Skill Level: 	기술 레벨: 	1	britannia_logic.dsres	ui/interfaces/backend/character_awp/character_awp.gas	5222	"help_text = ""Skill Level: "";"
553073e4f263	B099 confirmed visible GAS	Skill Level: 	기술 레벨: 	1	britannia_logic.dsres	ui/interfaces/backend/character_awp/character_awp.gas	5277	"help_text = ""Skill Level: "";"
b1ff860a3637	B099 confirmed visible GAS	Skill Level: 	기술 레벨: 	1	britannia_logic.dsres	ui/interfaces/backend/character_awp/character_awp.gas	5332	"help_text = ""Skill Level: "";"
989f35761da0	B099 confirmed visible GAS	Skill Level: 	기술 레벨: 	1	britannia_logic.dsres	ui/interfaces/backend/character_awp/character_awp.gas	5387	"help_text = ""Skill Level: "";"
26081fff3733	B099 confirmed visible GAS	Skill Level: 	기술 레벨: 	1	britannia_logic.dsres	ui/interfaces/backend/character_awp/character_awp.gas	5444	"help_text = ""Skill Level: "";"
94c9e268a85e	B099 confirmed visible GAS	Skill Level: 	기술 레벨: 	1	britannia_logic.dsres	ui/interfaces/backend/character_awp/character_awp.gas	5499	"help_text = ""Skill Level: "";"
89406b6279cd	B099 confirmed visible GAS	Skill Level: 	기술 레벨: 	1	britannia_logic.dsres	ui/interfaces/backend/character_awp/character_awp.gas	5553	"help_text = ""Skill Level: "";"
2689fe272317	B099 confirmed visible GAS	Skill Level: 	기술 레벨: 	1	britannia_logic.dsres	ui/interfaces/backend/character_awp/character_awp.gas	5608	"help_text = ""Skill Level: "";"
7d737c0f9e1c	B099 confirmed visible GAS	Skill Level: 	기술 레벨: 	1	britannia_logic.dsres	ui/interfaces/backend/character_awp/character_awp.gas	5663	"help_text = ""Skill Level: "";"
781b43d20aaa	B099 confirmed visible GAS	Skill Level: 	기술 레벨: 	1	britannia_logic.dsres	ui/interfaces/backend/character_awp/character_awp.gas	5718	"help_text = ""Skill Level: "";"
fd1564883973	B099 confirmed visible GAS	Skill Level: 	기술 레벨: 	1	britannia_logic.dsres	ui/interfaces/backend/character_awp/character_awp.gas	5773	"help_text = ""Skill Level: "";"
d3ab6459d168	B099 confirmed visible GAS	Skill Level: 	기술 레벨: 	1	britannia_logic.dsres	ui/interfaces/backend/character_awp/character_awp.gas	6508	"help_text = ""Skill Level: "";"
7b0468c12bde	B099 confirmed visible GAS	Skill Level: 	기술 레벨: 	1	britannia_logic.dsres	ui/interfaces/backend/character_awp/character_awp.gas	6544	"help_text = ""Skill Level: "";"
72951a6c80db	B099 confirmed visible GAS	Skill Level: 	기술 레벨: 	1	britannia_logic.dsres	ui/interfaces/backend/character_awp/character_awp.gas	6580	"help_text = ""Skill Level: "";"
5acb7f6d7abc	B099 confirmed visible GAS	Skill Level: 	기술 레벨: 	1	britannia_logic.dsres	ui/interfaces/backend/character_awp/character_awp.gas	6616	"help_text = ""Skill Level: "";"
a64d0e99241d	B099 confirmed visible GAS	Skill Level: 	기술 레벨: 	1	britannia_logic.dsres	ui/interfaces/backend/character_awp/character_awp.gas	6652	"help_text = ""Skill Level: "";"
8552908f0a9f	B099 confirmed visible GAS	Skill Level: 	기술 레벨: 	1	britannia_logic.dsres	ui/interfaces/backend/character_awp/character_awp.gas	6688	"help_text = ""Skill Level: "";"
55ebf6b3eb77	B099 confirmed visible GAS	Skill Level: 	기술 레벨: 	1	britannia_logic.dsres	ui/interfaces/backend/character_awp/character_awp.gas	6724	"help_text = ""Skill Level: "";"
a996b8f0aa79	B099 confirmed visible GAS	Skill Level: 	기술 레벨: 	1	britannia_logic.dsres	ui/interfaces/backend/character_awp/character_awp.gas	6760	"help_text = ""Skill Level: "";"
1956f480c9f4	B099 confirmed visible GAS	Project Britannia	프로젝트 브리타니아	1	lazarus_logic.dsres	ui/interfaces/backend/data_bar/data_bar.gas	257	"text = ""Project Britannia"";"
a7f8cfd127aa	B099 confirmed visible GAS	Project Britannia	프로젝트 브리타니아	1	britannia_logic.dsres	ui/interfaces/backend/data_bar/data_bar.gas	257	"text = ""Project Britannia"";"
6c71d731a047	B099 confirmed visible GAS	Press escape for options.	옵션을 열려면 Esc 키를 누르십시오.	1	lazarus_logic.dsres	ui/interfaces/backend/data_bar/data_bar.gas	277	"text = ""Press escape for options."";"
c40aa55ea1d5	B099 confirmed visible GAS	Press escape for options.	옵션을 열려면 Esc 키를 누르십시오.	1	britannia_logic.dsres	ui/interfaces/backend/data_bar/data_bar.gas	277	"text = ""Press escape for options."";"
53ab3bde5371	B099 confirmed visible GAS	Attack Freely	자유 공격	1	britannia_logic.dsres	ui/interfaces/backend/field_commands/field_commands.gas	36	"text = ""Attack Freely"";"
f17bec713c34	B099 confirmed visible GAS	Move Freely	자유 이동	1	britannia_logic.dsres	ui/interfaces/backend/field_commands/field_commands.gas	458	"text = ""Move Freely"";"
fbca4af45529	B099 confirmed visible GAS	Target Weakest	가장 약한 적 공격	1	britannia_logic.dsres	ui/interfaces/backend/field_commands/field_commands.gas	520	"text = ""Target Weakest"";"
c2b38d67b0c5	B099 confirmed visible GAS	EXIT GAME	게임 종료	1	britannia_logic.dsres	ui/interfaces/backend/in_game_menu/in_game_menu.gas	53	"text = ""EXIT GAME"";"
ac725ec8bd5a	B099 confirmed visible GAS	EXIT GAME	게임 종료	1	lazarus_logic.dsres	ui/interfaces/backend/in_game_menu/in_game_menu.gas	56	"text = ""EXIT GAME"";"
4a7e701f1f82	B099 confirmed visible GAS	LOAD GAME	게임 불러오기	1	britannia_logic.dsres	ui/interfaces/backend/in_game_menu/in_game_menu.gas	86	"text = ""LOAD GAME"";"
2eee5042cc43	B099 confirmed visible GAS	LOAD GAME	게임 불러오기	1	lazarus_logic.dsres	ui/interfaces/backend/in_game_menu/in_game_menu.gas	89	"text = ""LOAD GAME"";"
a6fa8ee38338	B099 confirmed visible GAS	RESUME GAME	게임 계속하기	1	britannia_logic.dsres	ui/interfaces/backend/in_game_menu/in_game_menu.gas	152	"text = ""RESUME GAME"";"
6a6cdd1a523a	B099 confirmed visible GAS	RESUME GAME	게임 계속하기	1	lazarus_logic.dsres	ui/interfaces/backend/in_game_menu/in_game_menu.gas	155	"text = ""RESUME GAME"";"
b03eda68e3a1	B099 confirmed visible GAS	SAVE GAME	게임 저장	1	britannia_logic.dsres	ui/interfaces/backend/in_game_menu/in_game_menu.gas	185	"text = ""SAVE GAME"";"
fad5e802418f	B099 confirmed visible GAS	SAVE GAME	게임 저장	1	lazarus_logic.dsres	ui/interfaces/backend/in_game_menu/in_game_menu.gas	188	"text = ""SAVE GAME"";"
4fddd0771f29	B099 confirmed visible GAS	Scroll Title	두루마리 제목	1	britannia_logic.dsres	ui/interfaces/backend/lore_book/lore_book.gas	326	"text = ""Scroll Title"";"
d839eb694b54	B099 confirmed visible GAS	Current Time:	현재 시간:	1	lazarus_logic.dsres	ui/interfaces/backend/multiplayer_timer/full/multiplayer_timer.gas	137	"text = ""Current Time:"";"
b7bdedbbaa8a	B099 confirmed visible GAS	Time Remaining:	남은 시간:	1	lazarus_logic.dsres	ui/interfaces/backend/multiplayer_timer/full/multiplayer_timer.gas	155	"text = ""Time Remaining:"";"
189e677b3e89	B099 confirmed visible GAS	Moon Phases:	달의 위상:	1	lazarus_logic.dsres	ui/interfaces/backend/multiplayer_timer/full/multiplayer_timer.gas	299	"text = ""Moon Phases:"";"
26fda7036a54	B099 confirmed visible GAS	Current Time:	현재 시간:	1	britannia_logic.dsres	ui/interfaces/backend/multiplayer_timer/multiplayer_timer.gas	115	"text = ""Current Time:"";"
96536041dd9b	B099 confirmed visible GAS	Time Remaining:	남은 시간:	1	britannia_logic.dsres	ui/interfaces/backend/multiplayer_timer/multiplayer_timer.gas	133	"text = ""Time Remaining:"";"
4d59a59689db	B099 confirmed visible GAS	Jump ahead 4 hours	4시간 건너뛰기	1	britannia_logic.dsres	ui/interfaces/backend/multiplayer_timer/multiplayer_timer.gas	337	"text = ""Jump ahead 4 hours"";"
aeb02a0b01c8	B099 confirmed visible GAS	Enable minimap	미니맵 사용	1	lazarus_logic.dsres	ui/interfaces/backend/multiplayer_timer/normal_with_minimap/multiplayer_timer.gas	176	"text = ""Enable minimap"";"
78f470741b25	B099 confirmed visible GAS	Options Menu	옵션 메뉴	1	lazarus_logic.dsres	ui/interfaces/backend/options_audio/options_audio.gas	44	"text = ""Options Menu"";"
269f50b607bc	B099 confirmed visible GAS	Master Volume	전체 음량	1	lazarus_logic.dsres	ui/interfaces/backend/options_audio/options_audio.gas	324	"text = ""Master Volume"";"
2c66e0cbdd8f	B099 confirmed visible GAS	Music Volume	음악 음량	1	lazarus_logic.dsres	ui/interfaces/backend/options_audio/options_audio.gas	391	"text = ""Music Volume"";"
0d8a44dde38a	B099 confirmed visible GAS	SFX Volume	효과음 음량	1	lazarus_logic.dsres	ui/interfaces/backend/options_audio/options_audio.gas	454	"text = ""SFX Volume"";"
e93edac03b93	B099 confirmed visible GAS	Ambient Volume	환경음 음량	1	lazarus_logic.dsres	ui/interfaces/backend/options_audio/options_audio.gas	521	"text = ""Ambient Volume"";"
fa92a082973d	B099 confirmed visible GAS	Voice Volume	음성 음량	1	lazarus_logic.dsres	ui/interfaces/backend/options_audio/options_audio.gas	584	"text = ""Voice Volume"";"
b9538ec6d19e	B099 confirmed visible GAS	Options Menu	옵션 메뉴	1	lazarus_logic.dsres	ui/interfaces/backend/options_bindings/options_bindings.gas	43	"text = ""Options Menu"";"
e9ac1e993336	B099 confirmed visible GAS	Options Menu	옵션 메뉴	1	lazarus_logic.dsres	ui/interfaces/backend/options_game/options_game.gas	45	"text = ""Options Menu"";"
1ec648580e3c	B099 confirmed visible GAS	Display Onscreen Framerate	화면에 프레임률 표시	1	lazarus_logic.dsres	ui/interfaces/backend/options_game/options_game.gas	280	"text = ""Display Onscreen Framerate"";"
1d76f990be11	B099 confirmed visible GAS	Raise App Priority	프로그램 우선순위 높이기	1	lazarus_logic.dsres	ui/interfaces/backend/options_game/options_game.gas	328	"text = ""Raise App Priority"";"
bd1cb50baa52	B099 confirmed visible GAS	Text Scroll Rate	문구 스크롤 속도	1	lazarus_logic.dsres	ui/interfaces/backend/options_game/options_game.gas	376	"text = ""Text Scroll Rate"";"
8ca4bc68e1d0	B099 confirmed visible GAS	Maximum Text Displayed	최대 표시 문구 수	1	lazarus_logic.dsres	ui/interfaces/backend/options_game/options_game.gas	443	"text = ""Maximum Text Displayed"";"
d91c3000dbc2	B099 confirmed visible GAS	Game Speed	게임 속도	1	lazarus_logic.dsres	ui/interfaces/backend/options_game/options_game.gas	516	"text = ""Game Speed"";"
334c5e5ec843	B099 confirmed visible GAS	Tutorial Tips	튜토리얼 도움말	1	lazarus_logic.dsres	ui/interfaces/backend/options_game/options_game.gas	589	"text = ""Tutorial Tips"";"
625ad8ff860e	B099 confirmed visible GAS	Game Difficulty	게임 난이도	1	lazarus_logic.dsres	ui/interfaces/backend/options_game/options_game.gas	637	"text = ""Game Difficulty"";"
c343d7b57334	B099 confirmed visible GAS	Show Rollover Help	마우스 오버 도움말 표시	1	lazarus_logic.dsres	ui/interfaces/backend/options_game/options_game.gas	749	"text = ""Show Rollover Help"";"
40bcc76f4478	B099 confirmed visible GAS	Blood Color	혈흔 색상	1	lazarus_logic.dsres	ui/interfaces/backend/options_game/options_game.gas	798	"text = ""Blood Color"";"
eec006c5a9eb	B099 confirmed visible GAS	Receive ZoneMatch messages from:	ZoneMatch 메시지 수신 대상:	1	lazarus_logic.dsres	ui/interfaces/backend/options_game/options_game.gas	900	"text = ""Receive ZoneMatch messages from:"";"
e97c03969abd	B099 confirmed visible GAS	Options Menu	옵션 메뉴	1	lazarus_logic.dsres	ui/interfaces/backend/options_input/options_input.gas	43	"text = ""Options Menu"";"
adf2f42c9ad7	B099 confirmed visible GAS	Invert Camera X-Axis	카메라 X축 반전	1	lazarus_logic.dsres	ui/interfaces/backend/options_input/options_input.gas	307	"text = ""Invert Camera X-Axis"";"
faf7369f496b	B099 confirmed visible GAS	Invert Camera Y-Axis	카메라 Y축 반전	1	lazarus_logic.dsres	ui/interfaces/backend/options_input/options_input.gas	353	"text = ""Invert Camera Y-Axis"";"
2e0c332a62e8	B099 confirmed visible GAS	Use Screen Edge Tracking	화면 가장자리 추적 사용	1	lazarus_logic.dsres	ui/interfaces/backend/options_input/options_input.gas	399	"text = ""Use Screen Edge Tracking"";"
5966a2f948e0	B099 confirmed visible GAS	Camera Sensitivity	카메라 감도	1	lazarus_logic.dsres	ui/interfaces/backend/options_input/options_input.gas	445	"text = ""Camera Sensitivity"";"
510b68920ab5	B099 confirmed visible GAS	Mouse Sensitivity	마우스 감도	1	lazarus_logic.dsres	ui/interfaces/backend/options_input/options_input.gas	509	"text = ""Mouse Sensitivity"";"
47db0c7e81de	B099 confirmed visible GAS	Lock Camera X-Axis	카메라 X축 고정	1	lazarus_logic.dsres	ui/interfaces/backend/options_input/options_input.gas	572	"text = ""Lock Camera X-Axis"";"
4affb1d36df9	B099 confirmed visible GAS	Lock Camera Y-Axis	카메라 Y축 고정	1	lazarus_logic.dsres	ui/interfaces/backend/options_input/options_input.gas	618	"text = ""Lock Camera Y-Axis"";"
2b4d9c079e97	B099 confirmed visible GAS	Options Menu	옵션 메뉴	1	lazarus_logic.dsres	ui/interfaces/backend/options_video/options_video.gas	44	"text = ""Options Menu"";"
922371fe67e5	B099 confirmed visible GAS	Screen Resolution	화면 해상도	1	lazarus_logic.dsres	ui/interfaces/backend/options_video/options_video.gas	282	"text = ""Screen Resolution"";"
25b701733ae9	B099 confirmed visible GAS	Texture Filtering	텍스처 필터링	1	lazarus_logic.dsres	ui/interfaces/backend/options_video/options_video.gas	485	"text = ""Texture Filtering"";"
9742df139e4f	B099 confirmed visible GAS	Gamma Correction	감마 보정	1	lazarus_logic.dsres	ui/interfaces/backend/options_video/options_video.gas	532	"text = ""Gamma Correction"";"
f05ff6d96869	B099 confirmed visible GAS	Object Detail	오브젝트 세부 묘사	1	lazarus_logic.dsres	ui/interfaces/backend/options_video/options_video.gas	597	"text = ""Object Detail"";"
4b0593d0b9cb	B099 confirmed visible GAS	Previous Tip	이전 도움말	1	britannia_logic.dsres	ui/interfaces/backend/world_tip/world_tip.gas	267	"text = ""Previous Tip"";"
230f1e673e94	B099 confirmed visible GAS	Next Tip	다음 도움말	1	britannia_logic.dsres	ui/interfaces/backend/world_tip/world_tip.gas	319	"text = ""Next Tip"";"
723906a28687	B099 confirmed visible GAS	Disable tips	도움말 끄기	1	britannia_logic.dsres	ui/interfaces/backend/world_tip/world_tip.gas	491	"text = ""Disable tips"";"
3e9c229ca1f1	B099 confirmed visible GAS	Tip: 1 of 10	도움말: 10개 중 1개	1	britannia_logic.dsres	ui/interfaces/backend/world_tip/world_tip.gas	663	"text = ""Tip: 1 of 10"";"
cf5b9d277c0c	B099 confirmed visible GAS	An unending darkness engulfs thee...	끝없는 어둠이 그대를 집어삼킨다...	1	britannia_logic.dsres	ui/interfaces/britannia/ui_avatar_death.gas	48	"text = ""An unending darkness engulfs thee..."";"
edf57de9de1c	B099 confirmed visible GAS	Enable Scheduling Debug (DSMOD)	일정 디버그 사용(DSMOD)	1	britannia_logic.dsres	ui/interfaces/britannia/ui_custom_options.gas	331	"text = ""Enable Scheduling Debug (DSMOD)"";"
8df1cb921a92	B099 confirmed visible GAS	Enable Boat Debug System	선박 디버그 시스템 사용	1	britannia_logic.dsres	ui/interfaces/britannia/ui_custom_options.gas	354	"text = ""Enable Boat Debug System"";"
4360a30647c6	B099 confirmed visible GAS	Enable Mob Debug (DSMOD)	몹 디버그 사용(DSMOD)	1	britannia_logic.dsres	ui/interfaces/britannia/ui_custom_options.gas	377	"text = ""Enable Mob Debug (DSMOD)"";"
bbc7210ea998	B099 confirmed visible GAS	Debug Settings	디버그 설정	1	britannia_logic.dsres	ui/interfaces/britannia/ui_custom_options.gas	488	"text = ""Debug Settings"";"
db2b780b43fc	B099 confirmed visible GAS	Wilt thou come quietly?	순순히 따라오겠는가?	1	britannia_logic.dsres	ui/interfaces/britannia/ui_guard_query.gas	75	"text = ""Wilt thou come quietly?"";"
8eb5e7f95a61	B099 confirmed visible GAS	Town Guard	도시 경비병	1	britannia_logic.dsres	ui/interfaces/britannia/ui_guard_query.gas	108	"text = ""Town Guard"";"
f63a3578b5bb	B099 confirmed visible GAS	Blood Moss:	혈이끼:	1	britannia_logic.dsres	ui/interfaces/britannia/ui_spellbook.gas	332	"text = ""Blood Moss:"";"
60bf6ad947a9	B099 confirmed visible GAS	Spider Silk:	거미줄:	1	britannia_logic.dsres	ui/interfaces/britannia/ui_spellbook.gas	376	"text = ""Spider Silk:"";"
aaa7dfae3ade	B099 confirmed visible GAS	Mandrake Root:	맨드레이크 뿌리:	1	britannia_logic.dsres	ui/interfaces/britannia/ui_spellbook.gas	486	"text = ""Mandrake Root:"";"
2b347f7970c2	B099 confirmed visible GAS	Black Pearl:	흑진주:	1	britannia_logic.dsres	ui/interfaces/britannia/ui_spellbook.gas	596	"text = ""Black Pearl:"";"
200e7f2b7ca4	B099 confirmed visible GAS	Sulfurous Ash:	유황재:	1	britannia_logic.dsres	ui/interfaces/britannia/ui_spellbook.gas	1421	"text = ""Sulfurous Ash:"";"
5bcc55866360	B099 confirmed visible GAS	Bookmark Spell	주문 즐겨찾기	1	britannia_logic.dsres	ui/interfaces/britannia/ui_spellbook.gas	1495	"text = ""Bookmark Spell"";"
2ba5e677635e	B099 confirmed visible GAS	About Dungeon Siege	던전 시즈 정보	1	lazarus_logic.dsres	ui/interfaces/frontend/about_dialog/about_dialog.gas	76	"text = ""About Dungeon Siege"";"
ad5155f7aab1	B099 confirmed visible GAS	No continuable game available.	계속할 수 있는 게임이 없습니다.	1	lazarus_logic.dsres	ui/interfaces/frontend/continue_dialog/continue_dialog.gas	55	"text = ""No continuable game available."";"
f8a6a0dd4ac9	B099 confirmed visible GAS	Confirm Save File Deletion	저장 파일 삭제 확인	1	lazarus_logic.dsres	ui/interfaces/frontend/save_delete_confirm/save_delete_confirm.gas	116	"text = ""Confirm Save File Deletion"";"
950cffcc804e	B099 confirmed visible GAS	Are you sure you wish to delete this save game file?	이 저장 파일을 정말 삭제하시겠습니까?	1	lazarus_logic.dsres	ui/interfaces/frontend/save_delete_confirm/save_delete_confirm.gas	132	"text = ""Are you sure you wish to delete this save game file?"";"
5f4e116953b0	B099 confirmed visible GAS	You must enter a name for your character.	캐릭터 이름을 입력해야 합니다.	1	lazarus_logic.dsres	ui/interfaces/frontend/select_name_dialog/select_name_dialog.gas	53	"text = ""You must enter a name for your character."";"
4aea088b0ea2	B099 confirmed visible GAS	Advanced Debug	고급 디버그	1	lazarus_logic.dsres	ui/interfaces/lazarus/ui_lazarus_convo.gas	787	"text = ""Advanced Debug"";"
70515c11ec0b	B099 confirmed visible GAS	Awaken All	전체 각성	1	britannia_logic.dsres	ui/user_education_tooltips.gas	308	"spell_rollover_101 = ""Awaken All"";"
1b971cc27f04	B099 confirmed visible GAS	Detect Magic	마법 탐지	1	britannia_logic.dsres	ui/user_education_tooltips.gas	311	"spell_rollover_104 = ""Detect Magic"";"
b4d88b0059bb	B099 confirmed visible GAS	Detect Trap	함정 탐지	1	britannia_logic.dsres	ui/user_education_tooltips.gas	312	"spell_rollover_105 = ""Detect Trap"";"
9161d6efaa42	B099 confirmed visible GAS	Dispel Magic	마법 해제	1	britannia_logic.dsres	ui/user_education_tooltips.gas	313	"spell_rollover_106 = ""Dispel Magic"";"
1da72c960272	B099 confirmed visible GAS	Force Bolt	충격탄	1	britannia_logic.dsres	ui/user_education_tooltips.gas	320	"spell_rollover_203 = ""Force Bolt"";"
ca8d2ad8756a	B099 confirmed visible GAS	Magic Lock	마법 잠금	1	britannia_logic.dsres	ui/user_education_tooltips.gas	335	"spell_rollover_306 = ""Magic Lock"";"
833c4c7ded8e	B099 confirmed visible GAS	Mass Awaken	광역 각성	1	britannia_logic.dsres	ui/user_education_tooltips.gas	336	"spell_rollover_307 = ""Mass Awaken"";"
88a909901e62	B099 confirmed visible GAS	Mass Sleep	광역 수면	1	britannia_logic.dsres	ui/user_education_tooltips.gas	337	"spell_rollover_308 = ""Mass Sleep"";"
1765b45765e8	B099 confirmed visible GAS	Summon Beast	야수 소환	1	britannia_logic.dsres	ui/user_education_tooltips.gas	341	"spell_rollover_401 = ""Summon Beast"";"
86dd05010c38	B099 confirmed visible GAS	Mass Dispel	광역 해제	1	britannia_logic.dsres	ui/user_education_tooltips.gas	345	"spell_rollover_405 = ""Mass Dispel"";"
51bbb96ec320	B099 confirmed visible GAS	Wind Change	바람 변경	1	britannia_logic.dsres	ui/user_education_tooltips.gas	348	"spell_rollover_408 = ""Wind Change"";"
c95e15106cca	B099 confirmed visible GAS	Flame Wind	화염 폭풍	1	britannia_logic.dsres	ui/user_education_tooltips.gas	363	"spell_rollover_604 = ""Flame Wind"";"
4bb0794cccda	B099 confirmed visible GAS	Hail Storm	우박 폭풍	1	britannia_logic.dsres	ui/user_education_tooltips.gas	364	"spell_rollover_605 = ""Hail Storm"";"
3e77e70cd0aa	B099 confirmed visible GAS	Mass Protect	광역 보호	1	britannia_logic.dsres	ui/user_education_tooltips.gas	365	"spell_rollover_606 = ""Mass Protect"";"
d8be1093ba70	B099 confirmed visible GAS	Lightning Bolt	번개 화살	1	britannia_logic.dsres	ui/user_education_tooltips.gas	371	"spell_rollover_702 = ""Lightning Bolt"";"
7776a25e1870	B099 confirmed visible GAS	Energy Wind	에너지 바람	1	britannia_logic.dsres	ui/user_education_tooltips.gas	372	"spell_rollover_703 = ""Energy Wind"";"
99ae97bad95a	B099 confirmed visible GAS	Mass Curse	광역 저주	1	britannia_logic.dsres	ui/user_education_tooltips.gas	375	"spell_rollover_706 = ""Mass Curse"";"
5fabfcb13338	B099 confirmed visible GAS	Mass Invisibility	광역 투명화	1	britannia_logic.dsres	ui/user_education_tooltips.gas	376	"spell_rollover_707 = ""Mass Invisibility"";"
4036ab5ab37b	B099 confirmed visible GAS	Death Wind	죽음의 바람	1	britannia_logic.dsres	ui/user_education_tooltips.gas	379	"spell_rollover_801 = ""Death Wind"";"
dd11fe68e1ec	B099 confirmed visible GAS	Mass Charm	광역 매혹	1	britannia_logic.dsres	ui/user_education_tooltips.gas	380	"spell_rollover_802 = ""Mass Charm"";"
3ee5f4f9e615	B099 confirmed visible GAS	Grand Summon	대소환	1	britannia_logic.dsres	ui/user_education_tooltips.gas	383	"spell_rollover_805 = ""Grand Summon"";"
b06e06e59329	B099 confirmed visible GAS	Little Girl	어린 소녀	1	britannia_logic.dsres	world/contentdb/templates/britannia/actors/evil/pb_evil_humans.gas	1040	"screen_name = ""Little Girl"";"
80ed54050960	B099 confirmed visible GAS	Lord British	로드 브리티시	1	lazarus_logic.dsres	world/contentdb/templates/britannia/actors/npcs/npc_misc/npc_lordbritish_template.gas	62	"screen_name=""Lord British"";"
b7c41e34142f	B099 confirmed visible GAS	Lord British	로드 브리티시	1	lazarus_logic.dsres	world/contentdb/templates/britannia/actors/npcs/npc_misc/npc_lordbritish_template.gas	116	"screen_name=""Lord British"";"
855279eede8f	B099 confirmed visible GAS	Madame Pendra	마담 펜드라	1	lazarus_logic.dsres	world/contentdb/templates/britannia/actors/npcs/npc_ow07_yew/npc_madamependra_template.gas	61	"screen_name=""Madame Pendra"";"
b31d23112640	B099 confirmed visible GAS	Madame Pendra	마담 펜드라	1	lazarus_logic.dsres	world/contentdb/templates/britannia/actors/npcs/npc_ow07_yew/npc_madamependra_template.gas	125	"screen_name=""Madame Pendra"";"
1ff49aba5676	B099 confirmed visible GAS	Max Engel	맥스 엥겔	1	lazarus_logic.dsres	world/contentdb/templates/britannia/actors/npcs/npc_ow20_britanny_bay/npc_maxengel_template.gas	62	"screen_name=""Max Engel"";"
e3b04f3f9002	B099 confirmed visible GAS	Max Engel	맥스 엥겔	1	lazarus_logic.dsres	world/contentdb/templates/britannia/actors/npcs/npc_ow20_britanny_bay/npc_maxengel_template.gas	119	"screen_name=""Max Engel"";"
76bbfbb8eb59	B099 confirmed visible GAS	Donn Piatt	돈 피아트	1	lazarus_logic.dsres	world/contentdb/templates/britannia/actors/npcs/npc_ow27_moonglow-waveguide/npc_donnpiatt_template.gas	65	"screen_name=""Donn Piatt"";"
5db960976b32	B099 confirmed visible GAS	Donn Piatt	돈 피아트	1	lazarus_logic.dsres	world/contentdb/templates/britannia/actors/npcs/npc_ow27_moonglow-waveguide/npc_donnpiatt_template.gas	123	"screen_name=""Donn Piatt"";"
0f3e383208dd	B099 confirmed visible GAS	Don't hurt me!!!	해치지 마세요!!!	1	britannia_logic.dsres	world/contentdb/templates/britannia/actors/pb_base_actors.gas	65	"screen_text = ""Don't hurt me!!!"";"
fca66ce8de26	B099 confirmed visible GAS	Base Crafting Recipe	기본 제작법	1	britannia_logic.dsres	world/contentdb/templates/britannia/interactive/pb_base_crafting.gas	212	"screen_name = ""Base Crafting Recipe"";"
e04f51dd0e43	B099 confirmed visible GAS	Ship Dock Point	선박 정박 지점	1	britannia_logic.dsres	world/contentdb/templates/britannia/interactive/pb_boats.gas	335	"dev_instance_text = ""Ship Dock Point"";"
d0a7b075ca40	B099 confirmed visible GAS	Scroll Text	두루마리 내용	1	britannia_logic.dsres	world/contentdb/templates/britannia/interactive/pb_inv_rclick_usable.gas	224	"display_text  = ""Scroll Text"";"
a3b5627a9a37	B099 confirmed visible GAS	Level Scroll	레벨 두루마리	1	britannia_logic.dsres	world/contentdb/templates/britannia/interactive/pb_level_scroll.gas	19	"screen_name  = ""Level Scroll"";"
a56bff7b28c9	B099 confirmed visible GAS	Moonstone (New Moon)	월석(삭)	1	britannia_logic.dsres	world/contentdb/templates/britannia/interactive/pb_moongates.gas	179	"common:screen_name	= ""Moonstone (New Moon)"";"
a6f3ae197a4a	B099 confirmed visible GAS	Moonstone (Waxing Crescent)	월석(초승달)	1	britannia_logic.dsres	world/contentdb/templates/britannia/interactive/pb_moongates.gas	195	"common:screen_name	= ""Moonstone (Waxing Crescent)"";"
99befd631d38	B099 confirmed visible GAS	Moonstone (First Quarter)	월석(상현)	1	britannia_logic.dsres	world/contentdb/templates/britannia/interactive/pb_moongates.gas	211	"common:screen_name	= ""Moonstone (First Quarter)"";"
10ad50fba32e	B099 confirmed visible GAS	Moonstone (Waxing Gibbous)	월석(차오르는 볼록달)	1	britannia_logic.dsres	world/contentdb/templates/britannia/interactive/pb_moongates.gas	227	"common:screen_name	= ""Moonstone (Waxing Gibbous)"";"
814c25960426	B099 confirmed visible GAS	Moonstone (Full Moon)	월석(보름달)	1	britannia_logic.dsres	world/contentdb/templates/britannia/interactive/pb_moongates.gas	244	"common:screen_name	= ""Moonstone (Full Moon)"";"
bd49157f7b7f	B099 confirmed visible GAS	Moonstone (Waning Gibbous)	월석(기우는 볼록달)	1	britannia_logic.dsres	world/contentdb/templates/britannia/interactive/pb_moongates.gas	258	"common:screen_name	= ""Moonstone (Waning Gibbous)"";"
89ed161b9a3a	B099 confirmed visible GAS	Moonstone (Third Quarter)	월석(하현)	1	britannia_logic.dsres	world/contentdb/templates/britannia/interactive/pb_moongates.gas	274	"common:screen_name	= ""Moonstone (Third Quarter)"";"
ada6084c70ef	B099 confirmed visible GAS	Moonstone (Waning Crescent)	월석(그믐달)	1	britannia_logic.dsres	world/contentdb/templates/britannia/interactive/pb_moongates.gas	290	"common:screen_name	= ""Moonstone (Waning Crescent)"";"
a0b86baebab5	B099 confirmed visible GAS	Skill Scroll	기술 두루마리	1	britannia_logic.dsres	world/contentdb/templates/britannia/interactive/pb_skill_scroll.gas	19	"screen_name  = ""Skill Scroll"";"
4b9c3789a987	B099 confirmed visible GAS	Skill Scroll	기술 두루마리	1	britannia_logic.dsres	world/contentdb/templates/britannia/interactive/pb_skill_scroll.gas	74	"screen_name  = ""Skill Scroll"";"
246a74351ba2	B099 confirmed visible GAS	Here lies John's body.  We lost his head, but he doesn't need it because he's dead.	여기 존의 시신이 잠들다. 머리는 잃어버렸지만, 이미 죽었으니 필요 없을 것이다.	1	britannia_logic.dsres	world/contentdb/templates/britannia/interactive/pb_tombstones.gas	66	"display_text  = ""Here lies John's body.  We lost his head, but he doesn't need it because he's dead."";"
bebd449c976b	B099 confirmed visible GAS	Main Gauche	망고슈	1	britannia_logic.dsres	world/contentdb/templates/britannia/interactive/pb_weapons.gas	94	"screen_name = ""Main Gauche"";"
603a3216bfd0	B099 confirmed visible GAS	Knowledge Scroll: Awaken All	지식 두루마리: 전체 각성	1	britannia_logic.dsres	world/contentdb/templates/britannia/interactive/spellcasting/spells_circle_1.gas	55	"common:screen_name = ""Knowledge Scroll: Awaken All"";"
6b58578c5dca	B099 confirmed visible GAS	Awaken All	전체 각성	1	britannia_logic.dsres	world/contentdb/templates/britannia/interactive/spellcasting/spells_circle_1.gas	71	"screen_name = ""Awaken All"";"
1a72d1a1ba8d	B099 confirmed visible GAS	Knowledge Scroll: Cure	지식 두루마리: 해독	1	britannia_logic.dsres	world/contentdb/templates/britannia/interactive/spellcasting/spells_circle_1.gas	208	"common:screen_name = ""Knowledge Scroll: Cure"";"
27004eb8ca02	B099 confirmed visible GAS	Knowledge Scroll: Detect Magic	지식 두루마리: 마법 탐지	1	britannia_logic.dsres	world/contentdb/templates/britannia/interactive/spellcasting/spells_circle_1.gas	282	"common:screen_name = ""Knowledge Scroll: Detect Magic"";"
ceb50e7f640b	B099 confirmed visible GAS	Detect Magic	마법 탐지	1	britannia_logic.dsres	world/contentdb/templates/britannia/interactive/spellcasting/spells_circle_1.gas	320	"screen_name = ""Detect Magic"";"
f77b4ce807b3	B099 confirmed visible GAS	Knowledge Scroll: Detect Trap	지식 두루마리: 함정 탐지	1	britannia_logic.dsres	world/contentdb/templates/britannia/interactive/spellcasting/spells_circle_1.gas	397	"common:screen_name = ""Knowledge Scroll: Detect Trap"";"
e391fce8053b	B099 confirmed visible GAS	Detect Trap	함정 탐지	1	britannia_logic.dsres	world/contentdb/templates/britannia/interactive/spellcasting/spells_circle_1.gas	411	"screen_name = ""Detect Trap"";"
c95f00ac8c07	B099 confirmed visible GAS	Knowledge Scroll: Dispel Magic	지식 두루마리: 마법 해제	1	britannia_logic.dsres	world/contentdb/templates/britannia/interactive/spellcasting/spells_circle_1.gas	485	"common:screen_name = ""Knowledge Scroll: Dispel Magic"";"
f9502cd38cde	B099 confirmed visible GAS	Dispel Magic	마법 해제	1	britannia_logic.dsres	world/contentdb/templates/britannia/interactive/spellcasting/spells_circle_1.gas	501	"screen_name = ""Dispel Magic"";"
fd67d6fc3122	B099 confirmed visible GAS	Knowledge Scroll: Harm	지식 두루마리: 상처	1	britannia_logic.dsres	world/contentdb/templates/britannia/interactive/spellcasting/spells_circle_1.gas	560	"common:screen_name = ""Knowledge Scroll: Harm"";"
1b2f54ea3ca7	B099 confirmed visible GAS	Knowledge Scroll: Help	지식 두루마리: 도움	1	britannia_logic.dsres	world/contentdb/templates/britannia/interactive/spellcasting/spells_circle_1.gas	644	"common:screen_name = ""Knowledge Scroll: Help"";"
91d78f2d41cf	B099 confirmed visible GAS	Knowledge Scroll: Light	지식 두루마리: 빛	1	britannia_logic.dsres	world/contentdb/templates/britannia/interactive/spellcasting/spells_circle_1.gas	721	"common:screen_name = ""Knowledge Scroll: Light"";"
afbaac0f9251	B099 confirmed visible GAS	Knowledge Scroll: Heal	지식 두루마리: 치유	1	britannia_logic.dsres	world/contentdb/templates/britannia/interactive/spellcasting/spells_circle_2.gas	57	"common:screen_name = ""Knowledge Scroll: Heal"";"
f8f1f341159d	B099 confirmed visible GAS	Knowledge Scroll: Infravision	지식 두루마리: 적외선 시야	1	britannia_logic.dsres	world/contentdb/templates/britannia/interactive/spellcasting/spells_circle_2.gas	125	"common:screen_name = ""Knowledge Scroll: Infravision"";"
58ec5f4eb838	B099 confirmed visible GAS	Knowledge Scroll: Force Bolt	지식 두루마리: 충격탄	1	britannia_logic.dsres	world/contentdb/templates/britannia/interactive/spellcasting/spells_circle_2.gas	239	"common:screen_name = ""Knowledge Scroll: Force Bolt"";"
7710f5667b4c	B099 confirmed visible GAS	Force Bolt	충격탄	1	britannia_logic.dsres	world/contentdb/templates/britannia/interactive/spellcasting/spells_circle_2.gas	252	"screen_name = ""Force Bolt"";"
6282def4d285	B099 confirmed visible GAS	Force Bolt	충격탄	1	britannia_logic.dsres	world/contentdb/templates/britannia/interactive/spellcasting/spells_circle_2.gas	328	"screen_name = ""Force Bolt"";"
8225f8728b61	B099 confirmed visible GAS	Knowledge Scroll: Poison	지식 두루마리: 독	1	britannia_logic.dsres	world/contentdb/templates/britannia/interactive/spellcasting/spells_circle_2.gas	404	"common:screen_name = ""Knowledge Scroll: Poison"";"
da6b052de08d	B099 confirmed visible GAS	Knowledge Scroll: Sleep	지식 두루마리: 수면	1	britannia_logic.dsres	world/contentdb/templates/britannia/interactive/spellcasting/spells_circle_2.gas	491	"common:screen_name = ""Knowledge Scroll: Sleep"";"
a9bfd9b93339	B099 confirmed visible GAS	Knowledge Scroll: Telekinesis	지식 두루마리: 염동력	1	britannia_logic.dsres	world/contentdb/templates/britannia/interactive/spellcasting/spells_circle_2.gas	570	"common:screen_name = ""Knowledge Scroll: Telekinesis"";"
5d9f865885a0	B099 confirmed visible GAS	Knowledge Scroll: Trigger	지식 두루마리: 발동	1	britannia_logic.dsres	world/contentdb/templates/britannia/interactive/spellcasting/spells_circle_2.gas	627	"common:screen_name = ""Knowledge Scroll: Trigger"";"
f1a4fa958b88	B099 confirmed visible GAS	Knowledge Scroll: Unlock Magic	지식 두루마리: 마법 잠금 해제	1	britannia_logic.dsres	world/contentdb/templates/britannia/interactive/spellcasting/spells_circle_2.gas	699	"common:screen_name = ""Knowledge Scroll: Unlock Magic"";"
f48be3c689e7	B099 confirmed visible GAS	Knowledge Scroll: Untrap	지식 두루마리: 함정 해제	1	britannia_logic.dsres	world/contentdb/templates/britannia/interactive/spellcasting/spells_circle_2.gas	769	"common:screen_name = ""Knowledge Scroll: Untrap"";"
9bc22e4193aa	B099 confirmed visible GAS	Knowledge Scroll: Vanish	지식 두루마리: 소멸	1	britannia_logic.dsres	world/contentdb/templates/britannia/interactive/spellcasting/spells_circle_2.gas	836	"common:screen_name = ""Knowledge Scroll: Vanish"";"
01a80d1d9c2a	B099 confirmed visible GAS	Knowledge Scroll: Curse	지식 두루마리: 저주	1	britannia_logic.dsres	world/contentdb/templates/britannia/interactive/spellcasting/spells_circle_3.gas	50	"common:screen_name = ""Knowledge Scroll: Curse"";"
73af2d5bc410	B099 confirmed visible GAS	Knowledge Scroll: Dispel Field	지식 두루마리: 장막 해제	1	britannia_logic.dsres	world/contentdb/templates/britannia/interactive/spellcasting/spells_circle_3.gas	135	"common:screen_name = ""Knowledge Scroll: Dispel Field"";"
f187568359c3	B099 confirmed visible GAS	Knowledge Scroll: Blink	지식 두루마리: 점멸	1	britannia_logic.dsres	world/contentdb/templates/britannia/interactive/spellcasting/spells_circle_3.gas	264	"common:screen_name = ""Knowledge Scroll: Blink"";"
59ae1f294aed	B099 confirmed visible GAS	Knowledge Scroll: Fireball	지식 두루마리: 화염구	1	britannia_logic.dsres	world/contentdb/templates/britannia/interactive/spellcasting/spells_circle_3.gas	324	"common:screen_name = ""Knowledge Scroll: Fireball"";"
cf9352b1fd12	B099 confirmed visible GAS	Knowledge Scroll: Great Light	지식 두루마리: 강력한 빛	1	britannia_logic.dsres	world/contentdb/templates/britannia/interactive/spellcasting/spells_circle_3.gas	484	"common:screen_name = ""Knowledge Scroll: Great Light"";"
9f06f44e3dd7	B099 confirmed visible GAS	Knowledge Scroll: Magic Lock	지식 두루마리: 마법 잠금	1	britannia_logic.dsres	world/contentdb/templates/britannia/interactive/spellcasting/spells_circle_3.gas	553	"common:screen_name = ""Knowledge Scroll: Magic Lock"";"
44702670e790	B099 confirmed visible GAS	Magic Lock	마법 잠금	1	britannia_logic.dsres	world/contentdb/templates/britannia/interactive/spellcasting/spells_circle_3.gas	562	"screen_name = ""Magic Lock"";"
74299fc17e4e	B099 confirmed visible GAS	Dispel Magic	마법 해제	1	britannia_logic.dsres	world/contentdb/templates/britannia/interactive/spellcasting/spells_circle_3.gas	630	"screen_name = ""Dispel Magic"";"
99aef8f71ddf	B099 confirmed visible GAS	Knowledge Scroll: Mass Awaken	지식 두루마리: 광역 각성	1	britannia_logic.dsres	world/contentdb/templates/britannia/interactive/spellcasting/spells_circle_3.gas	667	"common:screen_name = ""Knowledge Scroll: Mass Awaken"";"
fc1c55f46a0e	B099 confirmed visible GAS	Mass Awaken	광역 각성	1	britannia_logic.dsres	world/contentdb/templates/britannia/interactive/spellcasting/spells_circle_3.gas	676	"screen_name = ""Mass Awaken"";"
a7c5733f8fe1	B099 confirmed visible GAS	Knowledge Scroll: Mass Sleep	지식 두루마리: 광역 수면	1	britannia_logic.dsres	world/contentdb/templates/britannia/interactive/spellcasting/spells_circle_3.gas	730	"common:screen_name = ""Knowledge Scroll: Mass Sleep"";"
cae466e50230	B099 confirmed visible GAS	Mass Sleep	광역 수면	1	britannia_logic.dsres	world/contentdb/templates/britannia/interactive/spellcasting/spells_circle_3.gas	739	"screen_name = ""Mass Sleep"";"
81dd71407461	B099 confirmed visible GAS	Knowledge Scroll: Protection	지식 두루마리: 보호	1	britannia_logic.dsres	world/contentdb/templates/britannia/interactive/spellcasting/spells_circle_3.gas	794	"common:screen_name = ""Knowledge Scroll: Protection"";"
2b3048056efb	B099 confirmed visible GAS	Knowledge Scroll: Repel Undead	지식 두루마리: 언데드 퇴치	1	britannia_logic.dsres	world/contentdb/templates/britannia/interactive/spellcasting/spells_circle_3.gas	878	"common:screen_name = ""Knowledge Scroll: Repel Undead"";"
2315eaa8b1fd	B099 confirmed visible GAS	Knowledge Scroll: Summon Beast	지식 두루마리: 야수 소환	1	britannia_logic.dsres	world/contentdb/templates/britannia/interactive/spellcasting/spells_circle_4.gas	50	"common:screen_name = ""Knowledge Scroll: Summon Beast"";"
811cf901eb6f	B099 confirmed visible GAS	Summon Beast	야수 소환	1	britannia_logic.dsres	world/contentdb/templates/britannia/interactive/spellcasting/spells_circle_4.gas	59	"screen_name = ""Summon Beast"";"
e518c85dae0f	B099 confirmed visible GAS	Knowledge Scroll: Ice Strike	지식 두루마리: 얼음 강타	1	britannia_logic.dsres	world/contentdb/templates/britannia/interactive/spellcasting/spells_circle_4.gas	123	"common:screen_name = ""Knowledge Scroll: Ice Strike"";"
423e45618092	B099 confirmed visible GAS	Knowledge Scroll: Fire Field	지식 두루마리: 화염 장막	1	britannia_logic.dsres	world/contentdb/templates/britannia/interactive/spellcasting/spells_circle_4.gas	231	"common:screen_name = ""Knowledge Scroll: Fire Field"";"
e640c3533281	B099 confirmed visible GAS	Knowledge Scroll: Great Heal	지식 두루마리: 상급 치유	1	britannia_logic.dsres	world/contentdb/templates/britannia/interactive/spellcasting/spells_circle_4.gas	306	"common:screen_name = ""Knowledge Scroll: Great Heal"";"
f53e3e8dd8e4	B099 confirmed visible GAS	Knowledge Scroll: Mass Dispel	지식 두루마리: 광역 해제	1	britannia_logic.dsres	world/contentdb/templates/britannia/interactive/spellcasting/spells_circle_4.gas	375	"common:screen_name = ""Knowledge Scroll: Mass Dispel"";"
98bff184caaf	B099 confirmed visible GAS	Mass Dispel	광역 해제	1	britannia_logic.dsres	world/contentdb/templates/britannia/interactive/spellcasting/spells_circle_4.gas	384	"screen_name = ""Mass Dispel"";"
7a51327e1a1f	B099 confirmed visible GAS	Knowledge Scroll: Poison Field	지식 두루마리: 독 장막	1	britannia_logic.dsres	world/contentdb/templates/britannia/interactive/spellcasting/spells_circle_4.gas	440	"common:screen_name = ""Knowledge Scroll: Poison Field"";"
7d1365a410e1	B099 confirmed visible GAS	Knowledge Scroll: Sleep Field	지식 두루마리: 수면 장막	1	britannia_logic.dsres	world/contentdb/templates/britannia/interactive/spellcasting/spells_circle_4.gas	509	"common:screen_name = ""Knowledge Scroll: Sleep Field"";"
2900d9eb9f80	B099 confirmed visible GAS	Knowledge Scroll: Weather Change	지식 두루마리: 날씨 변경	1	britannia_logic.dsres	world/contentdb/templates/britannia/interactive/spellcasting/spells_circle_4.gas	578	"common:screen_name = ""Knowledge Scroll: Weather Change"";"
8e55706d9a61	B099 confirmed visible GAS	Weather Change	날씨 변경	1	britannia_logic.dsres	world/contentdb/templates/britannia/interactive/spellcasting/spells_circle_4.gas	587	"screen_name = ""Weather Change"";"
7ccb4496f26d	B099 confirmed visible GAS	Knowledge Scroll: Locate	지식 두루마리: 위치 탐지	1	britannia_logic.dsres	world/contentdb/templates/britannia/interactive/spellcasting/spells_circle_4.gas	639	"common:screen_name = ""Knowledge Scroll: Locate"";"
07f246e15446	B099 confirmed visible GAS	Knowledge Scroll: Energy Field	지식 두루마리: 에너지 장막	1	britannia_logic.dsres	world/contentdb/templates/britannia/interactive/spellcasting/spells_circle_5.gas	52	"common:screen_name = ""Knowledge Scroll: Energy Field"";"
c8dbe3f7a870	B099 confirmed visible GAS	Knowledge Scroll: Explosion	지식 두루마리: 폭발	1	britannia_logic.dsres	world/contentdb/templates/britannia/interactive/spellcasting/spells_circle_5.gas	122	"common:screen_name = ""Knowledge Scroll: Explosion"";"
00cb33cac7d1	B099 confirmed visible GAS	Knowledge Scroll: Invisibility	지식 두루마리: 투명화	1	britannia_logic.dsres	world/contentdb/templates/britannia/interactive/spellcasting/spells_circle_5.gas	202	"common:screen_name = ""Knowledge Scroll: Invisibility"";"
e846e8b7a483	B099 confirmed visible GAS	Knowledge Scroll: Lightning	지식 두루마리: 번개	1	britannia_logic.dsres	world/contentdb/templates/britannia/interactive/spellcasting/spells_circle_5.gas	279	"common:screen_name = ""Knowledge Scroll: Lightning"";"
0142b9ac55df	B099 confirmed visible GAS	Knowledge Scroll: Paralyze	지식 두루마리: 마비	1	britannia_logic.dsres	world/contentdb/templates/britannia/interactive/spellcasting/spells_circle_5.gas	347	"common:screen_name = ""Knowledge Scroll: Paralyze"";"
be623d7807d3	B099 confirmed visible GAS	Knowledge Scroll: Pickpocket	지식 두루마리: 소매치기	1	britannia_logic.dsres	world/contentdb/templates/britannia/interactive/spellcasting/spells_circle_5.gas	416	"common:screen_name = ""Knowledge Scroll: Pickpocket"";"
79418603948f	B099 confirmed visible GAS	Knowledge Scroll: Reveal	지식 두루마리: 현시	1	britannia_logic.dsres	world/contentdb/templates/britannia/interactive/spellcasting/spells_circle_5.gas	484	"common:screen_name = ""Knowledge Scroll: Reveal"";"
a94383dae4e0	B099 confirmed visible GAS	Knowledge Scroll: Seance	지식 두루마리: 강령술	1	britannia_logic.dsres	world/contentdb/templates/britannia/interactive/spellcasting/spells_circle_5.gas	580	"common:screen_name = ""Knowledge Scroll: Seance"";"
4104b88081e0	B099 confirmed visible GAS	Knowledge Scroll: Peer	지식 두루마리: 투시	1	britannia_logic.dsres	world/contentdb/templates/britannia/interactive/spellcasting/spells_circle_5.gas	651	"common:screen_name = ""Knowledge Scroll: Peer"";"
073cc2b2991d	B099 confirmed visible GAS	Knowledge Scroll: Quicken	지식 두루마리: 가속	1	britannia_logic.dsres	world/contentdb/templates/britannia/interactive/spellcasting/spells_circle_5.gas	776	"common:screen_name = ""Knowledge Scroll: Quicken"";"
732102457133	B099 confirmed visible GAS	Knowledge Scroll: Charm	지식 두루마리: 매혹	1	britannia_logic.dsres	world/contentdb/templates/britannia/interactive/spellcasting/spells_circle_6.gas	50	"common:screen_name = ""Knowledge Scroll: Charm"";"
690bee25295b	B099 confirmed visible GAS	Knowledge Scroll: Clone	지식 두루마리: 복제	1	britannia_logic.dsres	world/contentdb/templates/britannia/interactive/spellcasting/spells_circle_6.gas	135	"common:screen_name = ""Knowledge Scroll: Clone"";"
a753ac0cff80	B099 confirmed visible GAS	Knowledge Scroll: Confuse	지식 두루마리: 혼란	1	britannia_logic.dsres	world/contentdb/templates/britannia/interactive/spellcasting/spells_circle_6.gas	213	"common:screen_name = ""Knowledge Scroll: Confuse"";"
a49d122dba5b	B099 confirmed visible GAS	Knowledge Scroll: Flame Wind	지식 두루마리: 화염 폭풍	1	britannia_logic.dsres	world/contentdb/templates/britannia/interactive/spellcasting/spells_circle_6.gas	297	"common:screen_name = ""Knowledge Scroll: Flame Wind"";"
86d310274da2	B099 confirmed visible GAS	Flame Wind	화염 폭풍	1	britannia_logic.dsres	world/contentdb/templates/britannia/interactive/spellcasting/spells_circle_6.gas	306	"screen_name = ""Flame Wind"";"
982490580e10	B099 confirmed visible GAS	Knowledge Scroll: Hail Storm	지식 두루마리: 우박 폭풍	1	britannia_logic.dsres	world/contentdb/templates/britannia/interactive/spellcasting/spells_circle_6.gas	388	"common:screen_name = ""Knowledge Scroll: Hail Storm"";"
c8e47993d46e	B099 confirmed visible GAS	Hail Storm	우박 폭풍	1	britannia_logic.dsres	world/contentdb/templates/britannia/interactive/spellcasting/spells_circle_6.gas	397	"screen_name = ""Hail Storm"";"
7bde48d7ed4f	B099 confirmed visible GAS	Knowledge Scroll: Mass Protect	지식 두루마리: 광역 보호	1	britannia_logic.dsres	world/contentdb/templates/britannia/interactive/spellcasting/spells_circle_6.gas	470	"common:screen_name = ""Knowledge Scroll: Mass Protect"";"
6cfb1259e240	B099 confirmed visible GAS	Mass Protect	광역 보호	1	britannia_logic.dsres	world/contentdb/templates/britannia/interactive/spellcasting/spells_circle_6.gas	479	"screen_name = ""Mass Protect"";"
0e8d24cdeb14	B099 confirmed visible GAS	Knowledge Scroll: Negate Magic	지식 두루마리: 마법 무효화	1	britannia_logic.dsres	world/contentdb/templates/britannia/interactive/spellcasting/spells_circle_6.gas	558	"common:screen_name = ""Knowledge Scroll: Negate Magic"";"
aadf3194bdf3	B099 confirmed visible GAS	Knowledge Scroll: Poison Wind	지식 두루마리: 독바람	1	britannia_logic.dsres	world/contentdb/templates/britannia/interactive/spellcasting/spells_circle_6.gas	673	"common:screen_name = ""Knowledge Scroll: Poison Wind"";"
8642b07cc69e	B099 confirmed visible GAS	Knowledge Scroll: Web	지식 두루마리: 거미줄	1	britannia_logic.dsres	world/contentdb/templates/britannia/interactive/spellcasting/spells_circle_6.gas	757	"common:screen_name = ""Knowledge Scroll: Web"";"
4d849e44921c	B099 confirmed visible GAS	Knowledge Scroll: Enchant	지식 두루마리: 마법 부여	1	britannia_logic.dsres	world/contentdb/templates/britannia/interactive/spellcasting/spells_circle_7.gas	51	"common:screen_name = ""Knowledge Scroll: Enchant"";"
9fae6ed2ab01	B099 confirmed visible GAS	Knowledge Scroll: Lightning Bolt	지식 두루마리: 번개 화살	1	britannia_logic.dsres	world/contentdb/templates/britannia/interactive/spellcasting/spells_circle_7.gas	119	"common:screen_name = ""Knowledge Scroll: Lightning Bolt"";"
1234a96a0271	B099 confirmed visible GAS	Lightning Bolt	번개 화살	1	britannia_logic.dsres	world/contentdb/templates/britannia/interactive/spellcasting/spells_circle_7.gas	128	"screen_name = ""Lightning Bolt"";"
fc1d59144b35	B099 confirmed visible GAS	Knowledge Scroll: Energy Wind	지식 두루마리: 에너지 바람	1	britannia_logic.dsres	world/contentdb/templates/britannia/interactive/spellcasting/spells_circle_7.gas	212	"common:screen_name = ""Knowledge Scroll: Energy Wind"";"
23c3c1b443ab	B099 confirmed visible GAS	Energy Wind	에너지 바람	1	britannia_logic.dsres	world/contentdb/templates/britannia/interactive/spellcasting/spells_circle_7.gas	221	"screen_name = ""Energy Wind"";"
e58d2dcd4d76	B099 confirmed visible GAS	Knowledge Scroll: Fear	지식 두루마리: 공포	1	britannia_logic.dsres	world/contentdb/templates/britannia/interactive/spellcasting/spells_circle_7.gas	281	"common:screen_name = ""Knowledge Scroll: Fear"";"
1395b49e3a93	B099 confirmed visible GAS	Knowledge Scroll: Kill	지식 두루마리: 즉사	1	britannia_logic.dsres	world/contentdb/templates/britannia/interactive/spellcasting/spells_circle_7.gas	371	"common:screen_name = ""Knowledge Scroll: Kill"";"
855c2db4528e	B099 confirmed visible GAS	Knowledge Scroll: Mass Curse	지식 두루마리: 광역 저주	1	britannia_logic.dsres	world/contentdb/templates/britannia/interactive/spellcasting/spells_circle_7.gas	463	"common:screen_name = ""Knowledge Scroll: Mass Curse"";"
c163bda5ef26	B099 confirmed visible GAS	Mass Curse	광역 저주	1	britannia_logic.dsres	world/contentdb/templates/britannia/interactive/spellcasting/spells_circle_7.gas	472	"screen_name = ""Mass Curse"";"
67b5171b9051	B099 confirmed visible GAS	Knowledge Scroll: Mass Invisibility	지식 두루마리: 광역 투명화	1	britannia_logic.dsres	world/contentdb/templates/britannia/interactive/spellcasting/spells_circle_7.gas	569	"common:screen_name = ""Knowledge Scroll: Mass Invisibility"";"
360fb97c14d6	B099 confirmed visible GAS	Mass Invisibility	광역 투명화	1	britannia_logic.dsres	world/contentdb/templates/britannia/interactive/spellcasting/spells_circle_7.gas	578	"screen_name = ""Mass Invisibility"";"
cba42ac94445	B099 confirmed visible GAS	Knowledge Scroll: Death Wind	지식 두루마리: 죽음의 바람	1	britannia_logic.dsres	world/contentdb/templates/britannia/interactive/spellcasting/spells_circle_8.gas	53	"common:screen_name = ""Knowledge Scroll: Death Wind"";"
33af5296ef04	B099 confirmed visible GAS	Mass Kill	광역 즉사	1	britannia_logic.dsres	world/contentdb/templates/britannia/interactive/spellcasting/spells_circle_8.gas	64	"screen_name = ""Mass Kill"";"
0cd28c13cb7e	B099 confirmed visible GAS	Knowledge Scroll: Mass Charm	지식 두루마리: 광역 매혹	1	britannia_logic.dsres	world/contentdb/templates/britannia/interactive/spellcasting/spells_circle_8.gas	122	"common:screen_name = ""Knowledge Scroll: Mass Charm"";"
5c1c8ee34152	B099 confirmed visible GAS	Mass Charm	광역 매혹	1	britannia_logic.dsres	world/contentdb/templates/britannia/interactive/spellcasting/spells_circle_8.gas	131	"screen_name = ""Mass Charm"";"
2ffa57ce4cbb	B099 confirmed visible GAS	Knowledge Scroll: Resurrect	지식 두루마리: 부활	1	britannia_logic.dsres	world/contentdb/templates/britannia/interactive/spellcasting/spells_circle_8.gas	188	"common:screen_name = ""Knowledge Scroll: Resurrect"";"
8d4f75a8a7c5	B099 confirmed visible GAS	Knowledge Scroll: Slime	지식 두루마리: 슬라임	1	britannia_logic.dsres	world/contentdb/templates/britannia/interactive/spellcasting/spells_circle_8.gas	257	"common:screen_name = ""Knowledge Scroll: Slime"";"
6d9ba0d414ca	B099 confirmed visible GAS	Knowledge Scroll: Grand Summon	지식 두루마리: 대소환	1	britannia_logic.dsres	world/contentdb/templates/britannia/interactive/spellcasting/spells_circle_8.gas	350	"common:screen_name = ""Knowledge Scroll: Grand Summon"";"
46fdb635a182	B099 confirmed visible GAS	Grand Summon	대소환	1	britannia_logic.dsres	world/contentdb/templates/britannia/interactive/spellcasting/spells_circle_8.gas	359	"screen_name = ""Grand Summon"";"
53ca18821464	B099 confirmed visible GAS	Knowledge Scroll: Time Stop	지식 두루마리: 시간 정지	1	britannia_logic.dsres	world/contentdb/templates/britannia/interactive/spellcasting/spells_circle_8.gas	427	"common:screen_name = ""Knowledge Scroll: Time Stop"";"
d11dc8cedf87	B099 confirmed visible GAS	Knowledge Scroll: Tremor	지식 두루마리: 지진	1	britannia_logic.dsres	world/contentdb/templates/britannia/interactive/spellcasting/spells_circle_8.gas	515	"common:screen_name = ""Knowledge Scroll: Tremor"";"
4413229631e5	B099 confirmed visible GAS	Knowledge Scroll: Armageddon	지식 두루마리: 대재앙	1	britannia_logic.dsres	world/contentdb/templates/britannia/interactive/spellcasting/spells_circle_8.gas	607	"common:screen_name = ""Knowledge Scroll: Armageddon"";"
b6cb5a6fed92	B099 confirmed visible GAS	Gift from the Wisps	위습의 선물	1	britannia_logic.dsres	world/contentdb/templates/britannia/interactive/spellcasting/spells_circle_8.gas	616	"screen_name = ""Gift from the Wisps"";"
7a413a2ec13e	B099 confirmed visible GAS	Knowledge Scroll: Gate Travel	지식 두루마리: 게이트 이동	1	britannia_logic.dsres	world/contentdb/templates/britannia/interactive/spellcasting/spells_circle_8.gas	682	"common:screen_name = ""Knowledge Scroll: Gate Travel"";"
c6357a0f1860	B099 confirmed visible GAS	TAVERN BARKS	선술집 외침	1	britannia_logic.dsres	world/contentdb/templates/britannia/scheduling/pb_base_scheduling.gas	442	"common:dev_instance_text = ""TAVERN BARKS"";"
dfc3d65534e8	B099 confirmed visible GAS	My bubble text	말풍선 문구	1	britannia_logic.dsres	world/contentdb/templates/britannia/special/pb_bubble_text.gas	76	"screen_name  = ""My bubble text"";"
5f7ad047efdc	B099 confirmed visible GAS	SWAMP GAS	늪지 가스	1	britannia_logic.dsres	world/contentdb/templates/britannia/special/pb_gizmos.gas	262	"dev_instance_text = ""SWAMP GAS"";"
07af6054d2cc	B099 confirmed visible GAS	Minoc II	미녹 II	1	britannia_logic.dsres	world/contentdb/templates/lazarus/non_interactive/laz_signs_nondirectional.gas	268	"screen_name = ""Minoc II"";"
2df2e9dc0817	B099 confirmed visible GAS	Minoc III	미녹 III	1	britannia_logic.dsres	world/contentdb/templates/lazarus/non_interactive/laz_signs_nondirectional.gas	282	"screen_name = ""Minoc III"";"
592d20d4cc3f	B099 confirmed visible GAS	Minoc IV	미녹 IV	1	britannia_logic.dsres	world/contentdb/templates/lazarus/non_interactive/laz_signs_nondirectional.gas	296	"screen_name = ""Minoc IV"";"
87f9bdffb72c	B099 confirmed visible GAS	Farm boy	농장 소년	1	lazarus_logic.dsres	world/contentdb/templates/regular/actors/good/heroes.gas	259	"[common] { screen_name=""Farm boy""; }"
7814ebbbb96a	B099 confirmed visible GAS	Farm boy	농장 소년	1	britannia_logic.dsres	world/contentdb/templates/regular/actors/good/heroes.gas	264	"[common] { screen_name=""Farm boy""; }"
8642ec977ef3	B099 confirmed visible GAS	Farm girl	농장 소녀	1	lazarus_logic.dsres	world/contentdb/templates/regular/actors/good/heroes.gas	396	"[common] { screen_name=""Farm girl""; }"
2eb94b221253	B099 confirmed visible GAS	Farm girl	농장 소녀	1	britannia_logic.dsres	world/contentdb/templates/regular/actors/good/heroes.gas	402	"[common] { screen_name=""Farm girl""; }"
9839e2212d29	B099 confirmed visible GAS	You are not powerful enough to use this device.	이 장치를 사용하기에는 능력이 부족합니다.	1	britannia_logic.dsres	world/contentdb/templates/regular/interactive/obj_usable.gas	490	"screen_text = ""You are not powerful enough to use this device."";"
01047ae6d8f4	B099 confirmed visible GAS	Tree and Horn	나무와 뿔피리	1	britannia_logic.dsres	world/contentdb/templates/regular/interactive/obj_usable.gas	788	"[common] { screen_name = ""Tree and Horn""; }"
0f3fcb9fd0ae	B099 confirmed visible GAS	Mana Fountain	마나 샘	1	britannia_logic.dsres	world/contentdb/templates/regular/interactive/obj_usable.gas	809	"screen_name = ""Mana Fountain"";"
cc14bbea8bf7	B099 confirmed visible GAS	Mana Fountain	마나 샘	1	britannia_logic.dsres	world/contentdb/templates/regular/interactive/obj_usable.gas	839	"screen_name = ""Mana Fountain"";"
662d05b2e0b5	B099 confirmed visible GAS	Health Fountain	생명력 샘	1	britannia_logic.dsres	world/contentdb/templates/regular/interactive/obj_usable.gas	869	"screen_name = ""Health Fountain"";"
d61256361f37	B099 confirmed visible GAS	Health Fountain	생명력 샘	1	britannia_logic.dsres	world/contentdb/templates/regular/interactive/obj_usable.gas	897	"screen_name = ""Health Fountain"";"
bf39fe0bbdc9	B099 confirmed visible GAS	Star Device	별 장치	1	britannia_logic.dsres	world/contentdb/templates/regular/interactive/obj_usable.gas	921	"screen_name = ""Star Device"";"
